Data file,W:\Sampler Research\Paired Analysis\Demultiplexed\Tune Mix Folder 2\87 2046 - Mitra.d.DeMP.d
Frame range,168,785
Frame time range,3.037,14.058,minutes
Drift units,Drift Time (ms)
Mass units,Mass-To-Charge (m/z)
Mass,Drift,Abundance
116.09776,0.17,24
140.14811,0.17,214
280.44182,0.17,27
296.47538,0.17,603
298.47958,0.17,25
140.14811,0.33,51
420.73552,0.33,266
116.09776,0.50,55
140.14811,0.50,68
420.73552,0.50,266
116.09776,0.67,64
140.14811,0.67,197
264.40825,0.67,22
312.50895,0.67,27
420.73552,0.67,266
140.14811,0.83,284
312.50895,0.83,53
116.09776,1.00,23
140.14811,1.00,305
206.28657,1.00,22
264.40825,1.00,27
312.50895,1.00,53
140.14811,1.17,190
206.28657,1.17,22
140.14811,1.33,218
248.37468,1.33,781
599.10894,1.33,98
140.14811,1.50,439
248.37468,1.50,781
296.47538,1.50,23
324.53412,1.50,113
599.10894,1.50,98
140.14811,1.67,624
324.53412,1.67,113
140.14811,1.83,685
218.31175,1.83,22
280.44182,1.83,22
296.47538,1.83,54
310.50475,1.83,4643
324.53412,1.83,723
328.54251,1.83,54
338.56349,1.83,159
140.14811,2.00,235
218.31175,2.00,22
310.50475,2.00,4760
324.53412,2.00,723
328.54251,2.00,54
338.56349,2.00,159
140.14811,2.17,73
218.31175,2.17,22
310.50475,2.17,116
140.14811,2.34,326
296.47538,2.34,21
310.50475,2.34,116
140.14811,2.50,292
296.47538,2.50,57
140.14811,2.67,179
296.47538,2.67,57
324.53412,2.67,22
370.63063,2.67,32
61.98448,2.84,22
116.09776,2.84,50
140.14811,2.84,303
254.38727,2.84,23
324.53412,2.84,178
366.62223,2.84,75
370.63063,2.84,32
116.09776,3.00,50
140.14811,3.00,335
254.38727,3.00,23
264.40825,3.00,22
324.53412,3.00,178
366.62223,3.00,120
140.14811,3.17,349
254.38727,3.17,23
264.40825,3.17,22
310.50475,3.17,29
366.62223,3.17,138
140.14811,3.34,576
296.47538,3.34,44
310.50475,3.34,29
140.14811,3.50,1027
254.38727,3.50,29
296.47538,3.50,115
310.50475,3.50,85
140.14811,3.67,1857
254.38727,3.67,29
296.47538,3.67,115
310.50475,3.67,85
324.53412,3.67,38
366.62223,3.67,62
398.68937,3.67,42
472.84461,3.67,826
474.84881,3.67,87
140.14811,3.84,1319
324.53412,3.84,38
366.62223,3.84,62
398.68937,3.84,42
472.84461,3.84,826
474.84881,3.84,87
140.14811,4.00,641
310.50475,4.00,32
324.53412,4.00,87
398.68937,4.00,42
140.14811,4.17,683
310.50475,4.17,32
324.53412,4.17,49
116.09776,4.34,39
140.14811,4.34,1002
420.73552,4.34,38
116.09776,4.50,64
140.14811,4.50,1052
254.38727,4.50,23
310.50475,4.50,35
420.73552,4.50,38
116.09776,4.67,21
140.14811,4.67,764
310.50475,4.67,35
338.56349,4.67,85
116.09776,4.84,32
140.14811,4.84,1127
290.46279,4.84,28
338.56349,4.84,167
368.62643,4.84,46
116.09776,5.00,63
140.14811,5.00,1029
218.31175,5.00,49
290.46279,5.00,30
324.53412,5.00,29
338.56349,5.00,59
116.09776,5.17,113
140.14811,5.17,789
218.31175,5.17,264
324.53412,5.17,29
338.56349,5.17,59
116.09776,5.34,108
140.14811,5.34,582
218.31175,5.34,196
324.53412,5.34,29
140.14811,5.50,897
310.50475,5.50,38
324.53412,5.50,209
338.56349,5.50,1130
140.14811,5.67,1115
310.50475,5.67,38
324.53412,5.67,209
338.56349,5.67,1130
140.14811,5.84,533
324.53412,5.84,21
140.14811,6.00,277
324.53412,6.00,21
116.09776,6.17,21
140.14811,6.17,253
324.53412,6.17,21
480.86139,6.17,52
116.09776,6.34,21
140.14811,6.34,360
324.53412,6.34,21
480.86139,6.34,52
140.14811,6.50,328
258.39566,6.50,29
280.44182,6.50,23
324.53412,6.50,21
140.14811,6.67,318
258.39566,6.67,29
280.44182,6.67,23
140.14811,6.84,537
280.44182,6.84,23
116.09776,7.01,21
140.14811,7.01,1394
116.09776,7.17,70
140.14811,7.17,1496
324.53412,7.17,26
116.09776,7.34,143
140.14811,7.34,1102
292.46699,7.34,234
302.48797,7.34,30
324.53412,7.34,64
338.56349,7.34,27
474.84881,7.34,757
116.09776,7.51,176
140.14811,7.51,6444
292.46699,7.51,234
296.47538,7.51,51
302.48797,7.51,172
310.50475,7.51,213
324.53412,7.51,60
338.56349,7.51,27
472.84461,7.51,160
474.84881,7.51,808
116.09776,7.67,78
140.14811,7.67,6042
296.47538,7.67,51
302.48797,7.67,172
310.50475,7.67,213
324.53412,7.67,33
452.80265,7.67,120
472.84461,7.67,160
474.84881,7.67,66
116.09776,7.84,51
140.14811,7.84,3737
280.44182,7.84,25
302.48797,7.84,172
310.50475,7.84,173
324.53412,7.84,64
338.56349,7.84,30
452.80265,7.84,120
472.84461,7.84,160
474.84881,7.84,66
116.09776,8.01,79
140.14811,8.01,705
280.44182,8.01,25
324.53412,8.01,64
116.09776,8.17,25
140.14811,8.17,1059
324.53412,8.17,64
61.98448,8.34,49
116.09776,8.34,102
140.14811,8.34,1167
308.50056,8.34,58
310.50475,8.34,367
61.98448,8.51,49
116.09776,8.51,82
140.14811,8.51,1195
308.50056,8.51,58
310.50475,8.51,367
338.56349,8.51,78
340.56769,8.51,42
116.09776,8.67,243
140.14811,8.67,1720
308.50056,8.67,58
332.55091,8.67,24
338.56349,8.67,78
340.56769,8.67,42
116.09776,8.84,172
140.14811,8.84,2278
310.50475,8.84,21
332.55091,8.84,24
480.86139,8.84,23
116.09776,9.01,189
140.14811,9.01,2700
218.31175,9.01,22
310.50475,9.01,21
332.55091,9.01,24
480.86139,9.01,73
116.09776,9.17,187
140.14811,9.17,2844
218.31175,9.17,68
296.47538,9.17,30
310.50475,9.17,120
480.86139,9.17,73
116.09776,9.34,91
140.14811,9.34,5401
218.31175,9.34,48
280.44182,9.34,27
310.50475,9.34,120
474.84881,9.34,21
116.09776,9.51,128
140.14811,9.51,7668
278.43762,9.51,21
280.44182,9.51,27
310.50475,9.51,120
324.53412,9.51,228
338.56349,9.51,222
474.84881,9.51,21
530.96629,9.51,25
116.09776,9.67,24
140.14811,9.67,2597
278.43762,9.67,21
310.50475,9.67,33
324.53412,9.67,228
338.56349,9.67,222
116.09776,9.84,25
140.14811,9.84,692
116.09776,10.01,80
140.14811,10.01,440
296.47538,10.01,44
310.50475,10.01,83
472.84461,10.01,94
116.09776,10.17,46
140.14811,10.17,544
296.47538,10.17,48
310.50475,10.17,83
472.84461,10.17,94
116.09776,10.34,94
140.14811,10.34,707
324.53412,10.34,48
472.84461,10.34,176
61.98448,10.51,22
116.09776,10.51,208
140.14811,10.51,702
324.53412,10.51,75
472.84461,10.51,82
61.98448,10.67,22
116.09776,10.67,364
140.14811,10.67,797
324.53412,10.67,75
116.09776,10.84,336
140.14811,10.84,1031
324.53412,10.84,80
366.62223,10.84,21
116.09776,11.01,31
140.14811,11.01,855
302.48797,11.01,22
324.53412,11.01,54
366.62223,11.01,21
116.09776,11.17,98
118.10196,11.17,21
140.14811,11.17,673
296.47538,11.17,33
302.48797,11.17,22
324.53412,11.17,52
366.62223,11.17,21
368.62643,11.17,39
116.09776,11.34,99
118.10196,11.34,21
140.14811,11.34,4304
280.44182,11.34,3174
296.47538,11.34,39
302.48797,11.34,35
310.50475,11.34,91
324.53412,11.34,123
338.56349,11.34,106
340.56769,11.34,65
368.62643,11.34,77
472.84461,11.34,1103
116.09776,11.51,84
140.14811,11.51,4000
258.39566,11.51,31
280.44182,11.51,3174
296.47538,11.51,39
302.48797,11.51,35
310.50475,11.51,76
324.53412,11.51,71
338.56349,11.51,106
340.56769,11.51,65
472.84461,11.51,1103
116.09776,11.68,92
140.14811,11.68,2459
258.39566,11.68,31
280.44182,11.68,3174
296.47538,11.68,39
310.50475,11.68,76
452.80265,11.68,32
116.09776,11.84,119
140.14811,11.84,440
324.53412,11.84,882
452.80265,11.84,32
116.09776,12.01,71
140.14811,12.01,459
324.53412,12.01,882
326.53832,12.01,29
366.62223,12.01,21
370.63063,12.01,28
116.09776,12.18,50
140.14811,12.18,555
198.26979,12.18,49
296.47538,12.18,27
310.50475,12.18,241
324.53412,12.18,882
326.53832,12.18,29
366.62223,12.18,151
370.63063,12.18,23
116.09776,12.34,27
140.14811,12.34,522
198.26979,12.34,49
296.47538,12.34,27
310.50475,12.34,241
330.54671,12.34,25
366.62223,12.34,129
478.85720,12.34,29
116.09776,12.51,115
140.14811,12.51,754
206.28657,12.51,28
330.54671,12.51,25
338.56349,12.51,27
366.62223,12.51,30
478.85720,12.51,29
116.09776,12.68,118
140.14811,12.68,884
206.28657,12.68,28
248.37468,12.68,282
338.56349,12.68,27
116.09776,12.84,108
140.14811,12.84,1133
248.37468,12.84,1703988
250.37888,12.84,24111
366.62223,12.84,22
368.62643,12.84,36
452.80265,12.84,36
116.09776,13.01,76
140.14811,13.01,1122
218.31175,13.01,31
248.37468,13.01,6318959
250.37888,13.01,101770
258.39566,13.01,8096
260.39986,13.01,255
296.47538,13.01,242
310.50475,13.01,1900
324.53412,13.01,46
366.62223,13.01,22
368.62643,13.01,51
452.80265,13.01,36
116.09776,13.18,76
140.14811,13.18,2333
218.31175,13.18,64
248.37468,13.18,4884616
250.37888,13.18,78923
258.39566,13.18,9914
260.39986,13.18,281
296.47538,13.18,320
310.50475,13.18,3126
312.50895,13.18,22
324.53412,13.18,345
472.84461,13.18,24
116.09776,13.34,55
140.14811,13.34,3987
218.31175,13.34,64
248.37468,13.34,2218083
250.37888,13.34,35041
258.39566,13.34,5124
260.39986,13.34,110
264.40825,13.34,27
296.47538,13.34,286
310.50475,13.34,5869
312.50895,13.34,38
324.53412,13.34,394
338.56349,13.34,128
366.62223,13.34,100
368.62643,13.34,23
472.84461,13.34,45
116.09776,13.51,61
140.14811,13.51,1901
264.40825,13.51,27
310.50475,13.51,2743
324.53412,13.51,316
338.56349,13.51,128
366.62223,13.51,100
368.62643,13.51,100
472.84461,13.51,21
116.09776,13.68,29
140.14811,13.68,442
296.47538,13.68,25
366.62223,13.68,207
368.62643,13.68,100
370.63063,13.68,28
116.09776,13.84,30
140.14811,13.84,541
296.47538,13.84,82
366.62223,13.84,180
368.62643,13.84,100
370.63063,13.84,28
116.09776,14.01,27
140.14811,14.01,485
296.47538,14.01,82
472.84461,14.01,285
116.09776,14.18,27
140.14811,14.18,412
160.19007,14.18,21
296.47538,14.18,47
472.84461,14.18,285
480.86139,14.18,25
140.14811,14.34,518
480.86139,14.34,25
140.14811,14.51,494
140.14811,14.68,667
156.18168,14.68,22
324.53412,14.68,49
116.09776,14.84,23
140.14811,14.84,767
156.18168,14.84,469
296.47538,14.84,22
324.53412,14.84,64
116.09776,15.01,29
140.14811,15.01,1005
156.18168,15.01,1337
296.47538,15.01,37
324.53412,15.01,31
338.56349,15.01,542
366.62223,15.01,32
116.09776,15.18,29
140.14811,15.18,1369
156.18168,15.18,993
296.47538,15.18,37
310.50475,15.18,21
324.53412,15.18,30
338.56349,15.18,4374
340.56769,15.18,182
366.62223,15.18,23
472.84461,15.18,7546
140.14811,15.34,1312
144.15650,15.34,329
152.17329,15.34,45
154.17748,15.34,107
156.18168,15.34,411
216.30755,15.34,192
296.47538,15.34,37
310.50475,15.34,21
324.53412,15.34,25
338.56349,15.34,6508
340.56769,15.34,599
366.62223,15.34,23
472.84461,15.34,7546
140.14811,15.51,532
144.15650,15.51,9231
150.16909,15.51,25
152.17329,15.51,2527
154.17748,15.51,244
156.18168,15.51,22
160.19007,15.51,22
216.30755,15.51,4677
218.31175,15.51,149
234.34531,15.51,121
258.39566,15.51,28
310.50475,15.51,21
324.53412,15.51,64
338.56349,15.51,4427
340.56769,15.51,403
366.62223,15.51,23
412.71874,15.51,85
452.80265,15.51,49
472.84461,15.51,7546
474.84881,15.51,46
140.14811,15.68,82
144.15650,15.68,13123
150.16909,15.68,28
152.17329,15.68,4615
154.17748,15.68,325
160.19007,15.68,65
168.20685,15.68,193
216.30755,15.68,6325
218.31175,15.68,260
234.34531,15.68,1971
324.53412,15.68,64
398.68937,15.68,73
412.71874,15.68,85
452.80265,15.68,49
474.84881,15.68,46
140.14811,15.84,130
144.15650,15.84,10568
150.16909,15.84,28
152.17329,15.84,5098
154.17748,15.84,423
160.19007,15.84,65
168.20685,15.84,447
216.30755,15.84,4959
218.31175,15.84,210
234.34531,15.84,5307
236.34951,15.84,78
324.53412,15.84,110
398.68937,15.84,73
412.71874,15.84,85
452.80265,15.84,49
140.14811,16.01,148
142.15231,16.01,63
144.15650,16.01,5131
148.16489,16.01,80
152.17329,16.01,3438
154.17748,16.01,242
168.20685,16.01,586
176.22364,16.01,78
178.22783,16.01,22
198.26979,16.01,63
214.30336,16.01,24
216.30755,16.01,2256
218.31175,16.01,82
234.34531,16.01,8010
236.34951,16.01,1014
324.53412,16.01,167
398.68937,16.01,73
140.14811,16.18,135
142.15231,16.18,88
148.16489,16.18,1747
150.16909,16.18,95
152.17329,16.18,231
168.20685,16.18,139
176.22364,16.18,194
178.22783,16.18,47
214.30336,16.18,37
216.30755,16.18,21
234.34531,16.18,3852
236.34951,16.18,1867
272.42503,16.18,295
324.53412,16.18,49
338.56349,16.18,43
340.56769,16.18,21
116.09776,16.35,34
140.14811,16.35,241
142.15231,16.35,52
148.16489,16.35,6685
150.16909,16.35,258
174.21944,16.35,23
176.22364,16.35,194
178.22783,16.35,47
214.30336,16.35,27
216.30755,16.35,175
234.34531,16.35,1012
236.34951,16.35,1879
264.40825,16.35,30
272.42503,16.35,926
280.44182,16.35,128
296.47538,16.35,27
310.50475,16.35,23
338.56349,16.35,136
340.56769,16.35,21
366.62223,16.35,76
368.62643,16.35,26
478.85720,16.35,123
116.09776,16.51,34
140.14811,16.51,200
148.16489,16.51,5779
150.16909,16.51,202
158.18587,16.51,117
162.19427,16.51,43
216.30755,16.51,584
222.32014,16.51,1483
236.34951,16.51,317
264.40825,16.51,52
272.42503,16.51,597
280.44182,16.51,458
296.47538,16.51,27
310.50475,16.51,45
338.56349,16.51,128
340.56769,16.51,21
366.62223,16.51,138
368.62643,16.51,39
478.85720,16.51,123
140.14811,16.68,165
148.16489,16.68,2983
150.16909,16.68,44
158.18587,16.68,197
162.19427,16.68,164
164.19846,16.68,258
192.25720,16.68,309
204.28238,16.68,67
216.30755,16.68,1044
220.31594,16.68,181
222.32014,16.68,4312
224.32433,16.68,3257
248.37468,16.68,1557
264.40825,16.68,27
272.42503,16.68,214
280.44182,16.68,594
310.50475,16.68,45
324.53412,16.68,22
338.56349,16.68,128
340.56769,16.68,21
366.62223,16.68,97
368.62643,16.68,27
96.05580,16.85,78
140.14811,16.85,74
148.16489,16.85,824
158.18587,16.85,248
162.19427,16.85,337
164.19846,16.85,410
174.21944,16.85,24
188.24881,16.85,792
192.25720,16.85,1231
204.28238,16.85,135
206.28657,16.85,60
212.29916,16.85,22
214.30336,16.85,25
216.30755,16.85,1175
218.31175,16.85,46777
220.31594,16.85,107347
222.32014,16.85,4216
224.32433,16.85,27385
226.32853,16.85,598
246.37049,16.85,520
248.37468,16.85,1557
266.41245,16.85,47
280.44182,16.85,866
310.50475,16.85,45
324.53412,16.85,22
340.56769,16.85,21
366.62223,16.85,23
480.86139,16.85,96
96.05580,17.01,63
116.09776,17.01,46
140.14811,17.01,81
158.18587,17.01,27
162.19427,17.01,198
164.19846,17.01,153
170.21105,17.01,27
182.23622,17.01,28
188.24881,17.01,527
192.25720,17.01,1062
206.28657,17.01,60
210.29496,17.01,236
212.29916,17.01,318
216.30755,17.01,468
218.31175,17.01,91168
220.31594,17.01,207979
222.32014,17.01,501
224.32433,17.01,30191
226.32853,17.01,804
244.36629,17.01,286
246.37049,17.01,2571
264.40825,17.01,27
266.41245,17.01,159
278.43762,17.01,190
280.44182,17.01,1147
296.47538,17.01,171
302.48797,17.01,277
324.53412,17.01,236
472.84461,17.01,72
480.86139,17.01,96
116.09776,17.18,25
140.14811,17.18,133
162.19427,17.18,53
164.19846,17.18,48
170.21105,17.18,27
182.23622,17.18,1438
190.25301,17.18,149
192.25720,17.18,593
202.27818,17.18,589
210.29496,17.18,1258
212.29916,17.18,1486
214.30336,17.18,164
216.30755,17.18,176929
218.31175,17.18,387114
220.31594,17.18,245667
222.32014,17.18,501
224.32433,17.18,18816
226.32853,17.18,606
238.35370,17.18,5470
240.35790,17.18,22
242.36210,17.18,36047
244.36629,17.18,65899
246.37049,17.18,2631
264.40825,17.18,229
266.41245,17.18,330
268.41664,17.18,61
276.43342,17.18,69
278.43762,17.18,426
280.44182,17.18,871
296.47538,17.18,243
298.47958,17.18,269
302.48797,17.18,1166
318.52154,17.18,175
322.52993,17.18,1025
324.53412,17.18,315
330.54671,17.18,158
452.80265,17.18,27
472.84461,17.18,76
480.86139,17.18,96
140.14811,17.35,44
182.23622,17.35,4329
184.24042,17.35,48
190.25301,17.35,305
192.25720,17.35,27
202.27818,17.35,580
210.29496,17.35,1163
212.29916,17.35,1495
214.30336,17.35,292
216.30755,17.35,377405
218.31175,17.35,796304
220.31594,17.35,72376
222.32014,17.35,51
224.32433,17.35,125
238.35370,17.35,15527
240.35790,17.35,253
242.36210,17.35,63335
244.36629,17.35,113608
246.37049,17.35,2832
264.40825,17.35,671
266.41245,17.35,860
268.41664,17.35,225
278.43762,17.35,274
296.47538,17.35,22
298.47958,17.35,1474
300.48377,17.35,69
302.48797,17.35,5832
304.49216,17.35,139
318.52154,17.35,383
322.52993,17.35,2701
324.53412,17.35,79
328.54251,17.35,232
330.54671,17.35,850
472.84461,17.35,22
140.14811,17.51,29
182.23622,17.51,7376
184.24042,17.51,114
190.25301,17.51,368
198.26979,17.51,50
202.27818,17.51,109
210.29496,17.51,617
212.29916,17.51,935
214.30336,17.51,548
216.30755,17.51,488404
218.31175,17.51,1034498
220.31594,17.51,17868
232.34112,17.51,202
238.35370,17.51,23929
240.35790,17.51,253
242.36210,17.51,63412
244.36629,17.51,115916
246.37049,17.51,5184
248.37468,17.51,260
264.40825,17.51,977
266.41245,17.51,1296
268.41664,17.51,352
278.43762,17.51,56
298.47958,17.51,3200
300.48377,17.51,272
302.48797,17.51,12733
304.49216,17.51,388
310.50475,17.51,30
318.52154,17.51,498
322.52993,17.51,4080
326.53832,17.51,343
328.54251,17.51,1435
330.54671,17.51,1900
332.55091,17.51,300
368.62643,17.51,40
506.91594,17.51,56
140.14811,17.68,75
182.23622,17.68,7699
184.24042,17.68,158
190.25301,17.68,252
194.26140,17.68,74
198.26979,17.68,928
208.29077,17.68,1010
210.29496,17.68,570
212.29916,17.68,337
214.30336,17.68,316
216.30755,17.68,384727
218.31175,17.68,833215
220.31594,17.68,6826
230.33692,17.68,53
232.34112,17.68,799
234.34531,17.68,141
238.35370,17.68,20581
240.35790,17.68,168
242.36210,17.68,36662
244.36629,17.68,69835
246.37049,17.68,24588
248.37468,17.68,5613
250.37888,17.68,426
264.40825,17.68,801
266.41245,17.68,1087
268.41664,17.68,291
296.47538,17.68,63
298.47958,17.68,4333
300.48377,17.68,400
302.48797,17.68,16672
304.49216,17.68,591
308.50056,17.68,761
310.50475,17.68,1474
312.50895,17.68,631
318.52154,17.68,362
322.52993,17.68,3627
326.53832,17.68,1394
328.54251,17.68,5425
330.54671,17.68,5271
332.55091,17.68,1422
366.62223,17.68,127
368.62643,17.68,40
506.91594,17.68,56
140.14811,17.85,62
158.18587,17.85,30
182.23622,17.85,1518
192.25720,17.85,23
194.26140,17.85,116
198.26979,17.85,1612
200.27398,17.85,21
208.29077,17.85,4026
210.29496,17.85,445
216.30755,17.85,38850
218.31175,17.85,93345
228.33273,17.85,56
230.33692,17.85,48
232.34112,17.85,737
234.34531,17.85,873
238.35370,17.85,2122
242.36210,17.85,21
244.36629,17.85,33196
246.37049,17.85,33559
248.37468,17.85,8249
250.37888,17.85,742
264.40825,17.85,102
266.41245,17.85,111
298.47958,17.85,1485
300.48377,17.85,87
302.48797,17.85,6749
304.49216,17.85,175
308.50056,17.85,1349
310.50475,17.85,2504
312.50895,17.85,1171
322.52993,17.85,536
326.53832,17.85,1191
328.54251,17.85,5049
330.54671,17.85,5066
332.55091,17.85,1282
366.62223,17.85,127
368.62643,17.85,21
480.86139,17.85,47
140.14811,18.01,80
158.18587,18.01,47
168.20685,18.01,23
182.23622,18.01,101
190.25301,18.01,27
192.25720,18.01,52
194.26140,18.01,88
198.26979,18.01,1818
200.27398,18.01,153
206.28657,18.01,808
208.29077,18.01,8555
210.29496,18.01,666
216.30755,18.01,1181
218.31175,18.01,180
226.32853,18.01,77
228.33273,18.01,1771
230.33692,18.01,6672
232.34112,18.01,24874
234.34531,18.01,1423
242.36210,18.01,1537
244.36629,18.01,27066
246.37049,18.01,28149
248.37468,18.01,7407
250.37888,18.01,770
252.38307,18.01,130
254.38727,18.01,42
264.40825,18.01,151
266.41245,18.01,99
268.41664,18.01,23
296.47538,18.01,26
298.47958,18.01,278
302.48797,18.01,1624
308.50056,18.01,1385
310.50475,18.01,2624
312.50895,18.01,1304
326.53832,18.01,617
328.54251,18.01,2849
330.54671,18.01,2948
332.55091,18.01,706
366.62223,18.01,127
368.62643,18.01,144
380.65160,18.01,89
452.80265,18.01,51
480.86139,18.01,47
118.10196,18.18,21
140.14811,18.18,85
168.20685,18.18,472
170.21105,18.18,135
194.26140,18.18,135
198.26979,18.18,585
200.27398,18.18,156
206.28657,18.18,1993
208.29077,18.18,5415
210.29496,18.18,455
216.30755,18.18,19788
218.31175,18.18,99
226.32853,18.18,254
228.33273,18.18,4679
230.33692,18.18,18918
232.34112,18.18,59291
234.34531,18.18,44
242.36210,18.18,5512
244.36629,18.18,15649
246.37049,18.18,3717
248.37468,18.18,1181
250.37888,18.18,151
252.38307,18.18,3628
262.40405,18.18,53
264.40825,18.18,423
266.41245,18.18,753
278.43762,18.18,166
308.50056,18.18,287
310.50475,18.18,553
312.50895,18.18,262
324.53412,18.18,34
328.54251,18.18,21
330.54671,18.18,538
368.62643,18.18,10676
370.63063,18.18,478
376.64321,18.18,814
380.65160,18.18,460
118.10196,18.35,21
140.14811,18.35,81
156.18168,18.35,140
168.20685,18.35,1167
170.21105,18.35,300
194.26140,18.35,171
196.26559,18.35,213
198.26979,18.35,90
200.27398,18.35,52
206.28657,18.35,2911
208.29077,18.35,1881
210.29496,18.35,505
216.30755,18.35,42213
218.31175,18.35,331
226.32853,18.35,431
228.33273,18.35,8139
230.33692,18.35,24787
232.34112,18.35,80489
234.34531,18.35,27
242.36210,18.35,6603
244.36629,18.35,20127
248.37468,18.35,535
250.37888,18.35,81
252.38307,18.35,9527
258.39566,18.35,35
262.40405,18.35,3906
264.40825,18.35,13102
266.41245,18.35,1491
276.43342,18.35,227
278.43762,18.35,7172
324.53412,18.35,34
328.54251,18.35,21
330.54671,18.35,320
346.58028,18.35,178
368.62643,18.35,36992
370.63063,18.35,1836
376.64321,18.35,3162
380.65160,18.35,1251
130.12713,18.51,754
140.14811,18.51,161
152.17329,18.51,23
156.18168,18.51,480
168.20685,18.51,1681
170.21105,18.51,268
184.24042,18.51,21
190.25301,18.51,30
194.26140,18.51,120
196.26559,18.51,2722
200.27398,18.51,75
206.28657,18.51,4057
208.29077,18.51,337
210.29496,18.51,675
212.29916,18.51,25
216.30755,18.51,49983
218.31175,18.51,520
224.32433,18.51,1253
226.32853,18.51,564
228.33273,18.51,9755
230.33692,18.51,17860
232.34112,18.51,60999
234.34531,18.51,74
240.35790,18.51,84
242.36210,18.51,3614
244.36629,18.51,13608
248.37468,18.51,323
250.37888,18.51,618
252.38307,18.51,9641
258.39566,18.51,118
260.39986,18.51,10383
262.40405,18.51,38891
264.40825,18.51,48361
266.41245,18.51,1081
276.43342,18.51,1114
278.43762,18.51,16133
288.45860,18.51,13049
290.46279,18.51,22285
330.54671,18.51,95
346.58028,18.51,606
348.58447,18.51,101
368.62643,18.51,83497
370.63063,18.51,4350
374.63902,18.51,81
376.64321,18.51,7668
380.65160,18.51,3000
382.65580,18.51,122
540.98727,18.51,23
130.12713,18.68,5757
140.14811,18.68,178
152.17329,18.68,23
156.18168,18.68,374
168.20685,18.68,652
184.24042,18.68,22
196.26559,18.68,2846
206.28657,18.68,2877
208.29077,18.68,244
210.29496,18.68,471
214.30336,18.68,24
216.30755,18.68,10506
218.31175,18.68,244
224.32433,18.68,4752
226.32853,18.68,1420
228.33273,18.68,4696
230.33692,18.68,2409
232.34112,18.68,2569
234.34531,18.68,171
240.35790,18.68,153
244.36629,18.68,452
246.37049,18.68,234
250.37888,18.68,731
252.38307,18.68,90
258.39566,18.68,113
260.39986,18.68,77898
262.40405,18.68,138868
264.40825,18.68,37843
266.41245,18.68,21
276.43342,18.68,171
278.43762,18.68,6093
280.44182,18.68,49
286.45440,18.68,1551
288.45860,18.68,30686
290.46279,18.68,43872
346.58028,18.68,463
348.58447,18.68,368
366.62223,18.68,32
368.62643,18.68,63475
370.63063,18.68,3200
376.64321,18.68,6067
380.65160,18.68,2812
382.65580,18.68,95
128.12294,18.85,26
130.12713,18.85,9301
140.14811,18.85,650
148.16489,18.85,28
154.17748,18.85,67
156.18168,18.85,150
168.20685,18.85,135
170.21105,18.85,219
184.24042,18.85,110
196.26559,18.85,1564
206.28657,18.85,1312
208.29077,18.85,90
210.29496,18.85,188
214.30336,18.85,24
216.30755,18.85,76
218.31175,18.85,454
224.32433,18.85,10415
226.32853,18.85,6443
228.33273,18.85,1761
230.33692,18.85,703
232.34112,18.85,77
234.34531,18.85,1096
238.35370,18.85,260
240.35790,18.85,243
242.36210,18.85,204
244.36629,18.85,1425
246.37049,18.85,2282
248.37468,18.85,131
250.37888,18.85,460
254.38727,18.85,236
256.39147,18.85,138
258.39566,18.85,2743
260.39986,18.85,263332
262.40405,18.85,435811
264.40825,18.85,16592
278.43762,18.85,47
280.44182,18.85,225
284.45021,18.85,3459
286.45440,18.85,132377
288.45860,18.85,196252
290.46279,18.85,50012
294.47119,18.85,23
296.47538,18.85,37
310.50475,18.85,162
346.58028,18.85,207
348.58447,18.85,646
350.58867,18.85,290
366.62223,18.85,32
368.62643,18.85,29534
370.63063,18.85,1396
376.64321,18.85,2942
380.65160,18.85,1828
382.65580,18.85,21
931.80544,18.85,22
130.12713,19.01,2572
140.14811,19.01,1854
154.17748,19.01,67
170.21105,19.01,391
184.24042,19.01,52
188.24881,19.01,25
206.28657,19.01,30
210.29496,19.01,281
212.29916,19.01,42
216.30755,19.01,66
218.31175,19.01,255
222.32014,19.01,821
224.32433,19.01,9343
226.32853,19.01,6493
228.33273,19.01,530
230.33692,19.01,204
234.34531,19.01,1142
236.34951,19.01,78
238.35370,19.01,687
240.35790,19.01,321
242.36210,19.01,91
244.36629,19.01,753
246.37049,19.01,2899
248.37468,19.01,191
252.38307,19.01,24
254.38727,19.01,1271
256.39147,19.01,552
258.39566,19.01,2254
260.39986,19.01,228965
262.40405,19.01,385920
264.40825,19.01,1838
266.41245,19.01,50
280.44182,19.01,207
284.45021,19.01,8648
286.45440,19.01,233019
288.45860,19.01,335649
290.46279,19.01,13790
294.47119,19.01,23
296.47538,19.01,57
302.48797,19.01,25
310.50475,19.01,185
324.53412,19.01,21
348.58447,19.01,384
350.58867,19.01,424
380.65160,19.01,177
398.68937,19.01,24
430.75650,19.01,302
116.09776,19.18,87
130.12713,19.18,63
140.14811,19.18,2545
170.21105,19.18,307
208.29077,19.18,97
210.29496,19.18,383
212.29916,19.18,42
222.32014,19.18,19876
224.32433,19.18,7695
226.32853,19.18,4305
228.33273,19.18,298
230.33692,19.18,111
234.34531,19.18,662
236.34951,19.18,286
238.35370,19.18,1062
240.35790,19.18,297
244.36629,19.18,49
246.37049,19.18,2264
248.37468,19.18,261
252.38307,19.18,159
254.38727,19.18,2665
256.39147,19.18,1238
258.39566,19.18,524
260.39986,19.18,122112
262.40405,19.18,212432
264.40825,19.18,1015
266.41245,19.18,118
280.44182,19.18,149
284.45021,19.18,9791
286.45440,19.18,255218
288.45860,19.18,362031
290.46279,19.18,3138
296.47538,19.18,45
302.48797,19.18,25
310.50475,19.18,96
324.53412,19.18,21
348.58447,19.18,106
350.58867,19.18,308
398.68937,19.18,283
418.73132,19.18,24
430.75650,19.18,1473
432.76069,19.18,71
116.09776,19.35,212
140.14811,19.35,1737
170.21105,19.35,172
194.26140,19.35,23
206.28657,19.35,37
208.29077,19.35,284
210.29496,19.35,266
212.29916,19.35,23
222.32014,19.35,172064
224.32433,19.35,27817
226.32853,19.35,1838
228.33273,19.35,121
230.33692,19.35,194
234.34531,19.35,216
236.34951,19.35,406
238.35370,19.35,1043
240.35790,19.35,186
244.36629,19.35,60
246.37049,19.35,1095
248.37468,19.35,221
252.38307,19.35,290
254.38727,19.35,3329
256.39147,19.35,1505
258.39566,19.35,45
260.39986,19.35,33495
262.40405,19.35,63409
264.40825,19.35,1632
266.41245,19.35,24
278.43762,19.35,58
280.44182,19.35,317
284.45021,19.35,5182
286.45440,19.35,174871
288.45860,19.35,244200
290.46279,19.35,730
308.50056,19.35,190
310.50475,19.35,23
312.50895,19.35,104
314.51314,19.35,274
324.53412,19.35,53
350.58867,19.35,134
380.65160,19.35,263
398.68937,19.35,3079
400.69356,19.35,25
418.73132,19.35,1288
426.74811,19.35,1188
430.75650,19.35,6104
432.76069,19.35,335
442.78167,19.35,87
116.09776,19.51,129
140.14811,19.51,2575
194.26140,19.51,187
206.28657,19.51,120
208.29077,19.51,200
210.29496,19.51,56
222.32014,19.51,233859
224.32433,19.51,39299
226.32853,19.51,2373
228.33273,19.51,88
230.33692,19.51,96
232.34112,19.51,470
236.34951,19.51,187
238.35370,19.51,425
252.38307,19.51,136
254.38727,19.51,897
256.39147,19.51,317
264.40825,19.51,23
268.41664,19.51,21
270.42084,19.51,150
274.42923,19.51,132
276.43342,19.51,1221
278.43762,19.51,58
280.44182,19.51,411
286.45440,19.51,9778
288.45860,19.51,13086
308.50056,19.51,241
312.50895,19.51,2229
314.51314,19.51,3850
324.53412,19.51,21
328.54251,19.51,86
380.65160,19.51,218
398.68937,19.51,6879
400.69356,19.51,223
418.73132,19.51,2843
420.73552,19.51,139
426.74811,19.51,2615
430.75650,19.51,7570
432.76069,19.51,419
442.78167,19.51,527
524.95370,19.51,22
116.09776,19.68,180
140.14811,19.68,4667
194.26140,19.68,245
198.26979,19.68,298
206.28657,19.68,106
208.29077,19.68,46
210.29496,19.68,56
222.32014,19.68,212750
224.32433,19.68,36766
226.32853,19.68,2368
228.33273,19.68,174
232.34112,19.68,1235
236.34951,19.68,49
238.35370,19.68,335
252.38307,19.68,22
254.38727,19.68,63
266.41245,19.68,44
268.41664,19.68,47
270.42084,19.68,322
274.42923,19.68,1670
276.43342,19.68,6238
280.44182,19.68,1809
282.44601,19.68,61
288.45860,19.68,119
304.49216,19.68,25
308.50056,19.68,141
312.50895,19.68,4864
314.51314,19.68,6732
324.53412,19.68,21
328.54251,19.68,1075
352.59286,19.68,87
354.59706,19.68,195
366.62223,19.68,24
380.65160,19.68,134
396.68517,19.68,86
398.68937,19.68,15993
400.69356,19.68,525
402.69776,19.68,87
418.73132,19.68,3897
420.73552,19.68,188
426.74811,19.68,3476
430.75650,19.68,8441
432.76069,19.68,556
442.78167,19.68,1069
524.95370,19.68,153
116.09776,19.85,106
140.14811,19.85,8000
194.26140,19.85,181
198.26979,19.85,1949
200.27398,19.85,77
204.28238,19.85,28
210.29496,19.85,68
216.30755,19.85,21
220.31594,19.85,310
222.32014,19.85,129491
224.32433,19.85,22337
226.32853,19.85,1351
228.33273,19.85,148
232.34112,19.85,1766
238.35370,19.85,281
248.37468,19.85,298
260.39986,19.85,22
266.41245,19.85,224
268.41664,19.85,268
270.42084,19.85,157
274.42923,19.85,3775
276.43342,19.85,11020
278.43762,19.85,60
280.44182,19.85,3578
282.44601,19.85,111
288.45860,19.85,98
300.48377,19.85,1559
302.48797,19.85,5660
304.49216,19.85,32
312.50895,19.85,3938
314.51314,19.85,5513
322.52993,19.85,22
328.54251,19.85,4285
330.54671,19.85,83
338.56349,19.85,22
352.59286,19.85,229
354.59706,19.85,490
356.60126,19.85,119
366.62223,19.85,28
380.65160,19.85,22
396.68517,19.85,112
398.68937,19.85,103976
400.69356,19.85,6359
402.69776,19.85,11207
404.70195,19.85,236
418.73132,19.85,3247
420.73552,19.85,129
426.74811,19.85,2996
430.75650,19.85,8522
432.76069,19.85,595
442.78167,19.85,1281
444.78587,19.85,25
524.95370,19.85,248
599.10894,19.85,26
116.09776,20.01,229
140.14811,20.01,9909
198.26979,20.01,2282
200.27398,20.01,146
204.28238,20.01,78
220.31594,20.01,575
222.32014,20.01,9258
224.32433,20.01,1230
226.32853,20.01,345
228.33273,20.01,82
232.34112,20.01,620
236.34951,20.01,100
248.37468,20.01,499
260.39986,20.01,112
266.41245,20.01,320
268.41664,20.01,504
274.42923,20.01,1633
276.43342,20.01,5653
278.43762,20.01,124
280.44182,20.01,2169
282.44601,20.01,25
288.45860,20.01,457
298.47958,20.01,21
300.48377,20.01,4993
302.48797,20.01,13570
306.49636,20.01,97
308.50056,20.01,96
322.52993,20.01,32
328.54251,20.01,3937
330.54671,20.01,56
338.56349,20.01,22
352.59286,20.01,122
354.59706,20.01,339
356.60126,20.01,119
366.62223,20.01,28
398.68937,20.01,170912
400.69356,20.01,11150
402.69776,20.01,21811
404.70195,20.01,557
418.73132,20.01,429
426.74811,20.01,470
430.75650,20.01,4723
432.76069,20.01,355
442.78167,20.01,608
462.82363,20.01,27
480.86139,20.01,267
524.95370,20.01,111
599.10894,20.01,26
116.09776,20.18,660
140.14811,20.18,16387
198.26979,20.18,1760
200.27398,20.18,45
204.28238,20.18,97
212.29916,20.18,23
220.31594,20.18,614
222.32014,20.18,287
226.32853,20.18,233
228.33273,20.18,406
232.34112,20.18,22
234.34531,20.18,84
236.34951,20.18,523
240.35790,20.18,50
244.36629,20.18,1000
248.37468,20.18,406
260.39986,20.18,135
266.41245,20.18,393
268.41664,20.18,567
274.42923,20.18,200
276.43342,20.18,886
278.43762,20.18,163
280.44182,20.18,679
286.45440,20.18,1169
288.45860,20.18,3192
290.46279,20.18,121
298.47958,20.18,21
300.48377,20.18,5982
302.48797,20.18,14846
304.49216,20.18,20519
306.49636,20.18,34557
308.50056,20.18,1252
310.50475,20.18,112
322.52993,20.18,23
328.54251,20.18,2324
352.59286,20.18,21
354.59706,20.18,126
362.61384,20.18,22
392.67678,20.18,29
398.68937,20.18,196588
400.69356,20.18,12722
402.69776,20.18,26361
404.70195,20.18,773
430.75650,20.18,2021
432.76069,20.18,130
442.78167,20.18,480
462.82363,20.18,107
480.86139,20.18,4279
482.86559,20.18,193
500.90335,20.18,22
549.00405,20.18,22
599.10894,20.18,26
116.09776,20.35,847
140.14811,20.35,20324
174.21944,20.35,71
198.26979,20.35,217
212.29916,20.35,79
220.31594,20.35,120
222.32014,20.35,445
228.33273,20.35,688
230.33692,20.35,190
234.34531,20.35,84
236.34951,20.35,451
240.35790,20.35,73
244.36629,20.35,1827
246.37049,20.35,27
248.37468,20.35,118
252.38307,20.35,26
256.39147,20.35,51
266.41245,20.35,303
268.41664,20.35,318
278.43762,20.35,122
286.45440,20.35,3540
288.45860,20.35,8391
290.46279,20.35,178
300.48377,20.35,459
302.48797,20.35,1520
304.49216,20.35,41668
306.49636,20.35,68163
308.50056,20.35,6014
310.50475,20.35,644
328.54251,20.35,92
332.55091,20.35,165
392.67678,20.35,52
398.68937,20.35,78984
400.69356,20.35,4930
402.69776,20.35,10890
404.70195,20.35,251
414.72293,20.35,25
430.75650,20.35,321
442.78167,20.35,338
462.82363,20.35,114
480.86139,20.35,8462
482.86559,20.35,417
500.90335,20.35,22
549.00405,20.35,38
116.09776,20.51,617
140.14811,20.51,23032
154.17748,20.51,49
174.21944,20.51,105
212.29916,20.51,92
222.32014,20.51,448
224.32433,20.51,100
228.33273,20.51,897
230.33692,20.51,622
232.34112,20.51,24
234.34531,20.51,130
236.34951,20.51,245
242.36210,20.51,53
244.36629,20.51,2140
246.37049,20.51,24
248.37468,20.51,43
252.38307,20.51,26
256.39147,20.51,51
266.41245,20.51,150
268.41664,20.51,221
272.42503,20.51,107
278.43762,20.51,69
282.44601,20.51,126
286.45440,20.51,4518
288.45860,20.51,11739
290.46279,20.51,199
302.48797,20.51,273
304.49216,20.51,53123
306.49636,20.51,86321
308.50056,20.51,15174
310.50475,20.51,1920
312.50895,20.51,22
330.54671,20.51,2850
332.55091,20.51,4935
348.58447,20.51,47
374.63902,20.51,56
392.67678,20.51,23
398.68937,20.51,22768
400.69356,20.51,1369
402.69776,20.51,3161
404.70195,20.51,24
414.72293,20.51,149
430.75650,20.51,698
442.78167,20.51,207
462.82363,20.51,100
468.83622,20.51,158
474.84881,20.51,290
480.86139,20.51,12111
482.86559,20.51,704
549.00405,20.51,38
116.09776,20.68,1523
140.14811,20.68,26909
154.17748,20.68,122
174.21944,20.68,68
210.29496,20.68,21
212.29916,20.68,69
218.31175,20.68,1507
222.32014,20.68,365
224.32433,20.68,789
226.32853,20.68,4576
228.33273,20.68,1441
230.33692,20.68,960
232.34112,20.68,949
234.34531,20.68,28
236.34951,20.68,28
242.36210,20.68,2116
244.36629,20.68,1643
246.37049,20.68,30
248.37468,20.68,948
250.37888,20.68,202
254.38727,20.68,164
266.41245,20.68,54
268.41664,20.68,108
272.42503,20.68,282
282.44601,20.68,2613
284.45021,20.68,85
286.45440,20.68,3168
288.45860,20.68,9213
290.46279,20.68,252
302.48797,20.68,34
304.49216,20.68,42532
306.49636,20.68,69909
308.50056,20.68,29168
310.50475,20.68,4043
312.50895,20.68,90
320.52573,20.68,25
322.52993,20.68,170
328.54251,20.68,27
330.54671,20.68,18683
332.55091,20.68,23594
346.58028,20.68,89
348.58447,20.68,125
366.62223,20.68,126
368.62643,20.68,200
374.63902,20.68,42
398.68937,20.68,1766
400.69356,20.68,22
402.69776,20.68,101
414.72293,20.68,147
430.75650,20.68,1120
442.78167,20.68,108
448.79426,20.68,27
462.82363,20.68,96
468.83622,20.68,1311
474.84881,20.68,2641
480.86139,20.68,15901
482.86559,20.68,1075
530.96629,20.68,22
96.05580,20.85,91
116.09776,20.85,1674
140.14811,20.85,27599
154.17748,20.85,124
174.21944,20.85,76
218.31175,20.85,4046
222.32014,20.85,303
224.32433,20.85,961
226.32853,20.85,11597
228.33273,20.85,1500
230.33692,20.85,688
232.34112,20.85,1226
234.34531,20.85,110
240.35790,20.85,21
242.36210,20.85,3461
244.36629,20.85,184
248.37468,20.85,1428
250.37888,20.85,1193
264.40825,20.85,114
268.41664,20.85,98
272.42503,20.85,205
274.42923,20.85,46
282.44601,20.85,3642
284.45021,20.85,122
286.45440,20.85,1199
288.45860,20.85,1839
290.46279,20.85,248
304.49216,20.85,5659
306.49636,20.85,10386
308.50056,20.85,27372
310.50475,20.85,3628
312.50895,20.85,94
320.52573,20.85,1104
322.52993,20.85,7422
328.54251,20.85,13466
330.54671,20.85,20424
332.55091,20.85,24352
346.58028,20.85,22
348.58447,20.85,23
366.62223,20.85,126
368.62643,20.85,233
414.72293,20.85,21
430.75650,20.85,789
442.78167,20.85,46
448.79426,20.85,122
460.81944,20.85,21
468.83622,20.85,1743
474.84881,20.85,3549
480.86139,20.85,17383
482.86559,20.85,1219
524.95370,20.85,71
530.96629,20.85,139
59.98028,21.02,23
96.05580,21.02,91
116.09776,21.02,1535
132.13133,21.02,58
140.14811,21.02,33621
154.17748,21.02,163
174.21944,21.02,405
216.30755,21.02,139
218.31175,21.02,6725
222.32014,21.02,263
224.32433,21.02,720
226.32853,21.02,18814
228.33273,21.02,2069
230.33692,21.02,441
232.34112,21.02,795
234.34531,21.02,110
240.35790,21.02,108
242.36210,21.02,3562
248.37468,21.02,1264
250.37888,21.02,4909
264.40825,21.02,810
268.41664,21.02,60
272.42503,21.02,217
274.42923,21.02,80
282.44601,21.02,3363
284.45021,21.02,118
286.45440,21.02,3508
288.45860,21.02,1460
290.46279,21.02,305
296.47538,21.02,29
304.49216,21.02,407
306.49636,21.02,940
308.50056,21.02,22233
310.50475,21.02,3232
312.50895,21.02,341
320.52573,21.02,5380
322.52993,21.02,19166
328.54251,21.02,137007
330.54671,21.02,36323
332.55091,21.02,33813
334.55510,21.02,68
344.57608,21.02,100
356.60126,21.02,193
358.60545,21.02,540
366.62223,21.02,48
368.62643,21.02,179
376.64321,21.02,25
384.66000,21.02,21
430.75650,21.02,351
448.79426,21.02,959
450.79846,21.02,26
460.81944,21.02,22
468.83622,21.02,1564
472.84461,21.02,24
474.84881,21.02,3159
480.86139,21.02,18760
482.86559,21.02,1256
524.95370,21.02,99
530.96629,21.02,791
116.09776,21.18,1627
132.13133,21.18,58
140.14811,21.18,36387
154.17748,21.18,51
174.21944,21.18,362
216.30755,21.18,139
218.31175,21.18,2716
222.32014,21.18,219
224.32433,21.18,204
226.32853,21.18,12648
228.33273,21.18,1488
230.33692,21.18,168
232.34112,21.18,22
240.35790,21.18,956
242.36210,21.18,1080
244.36629,21.18,49
248.37468,21.18,98
250.37888,21.18,5006
256.39147,21.18,53
264.40825,21.18,951
266.41245,21.18,43
272.42503,21.18,232
280.44182,21.18,21
282.44601,21.18,954
284.45021,21.18,95
286.45440,21.18,3099
288.45860,21.18,414
290.46279,21.18,186
296.47538,21.18,35
298.47958,21.18,168
304.49216,21.18,821
306.49636,21.18,528
308.50056,21.18,10794
310.50475,21.18,3814
312.50895,21.18,517
320.52573,21.18,2249
322.52993,21.18,10368
328.54251,21.18,210653
330.54671,21.18,51814
332.55091,21.18,45794
334.55510,21.18,72
344.57608,21.18,89
346.58028,21.18,76
356.60126,21.18,4149
358.60545,21.18,4950
364.61804,21.18,26
368.62643,21.18,29
370.63063,21.18,116
376.64321,21.18,76
396.68517,21.18,23
408.71035,21.18,23
430.75650,21.18,159
448.79426,21.18,2193
450.79846,21.18,60
460.81944,21.18,120
468.83622,21.18,255
472.84461,21.18,24
474.84881,21.18,605
480.86139,21.18,14023
482.86559,21.18,984
524.95370,21.18,28
530.96629,21.18,1036
116.09776,21.35,1954
140.14811,21.35,38901
154.17748,21.35,21
174.21944,21.35,236
216.30755,21.35,139
218.31175,21.35,1060
222.32014,21.35,229
224.32433,21.35,128
226.32853,21.35,5263
228.33273,21.35,641
230.33692,21.35,54
234.34531,21.35,32
240.35790,21.35,3647
242.36210,21.35,534
244.36629,21.35,167
248.37468,21.35,236
250.37888,21.35,3346
256.39147,21.35,21
264.40825,21.35,2596
266.41245,21.35,163
272.42503,21.35,215
280.44182,21.35,29
282.44601,21.35,318
284.45021,21.35,184
286.45440,21.35,1830
288.45860,21.35,196
290.46279,21.35,164
294.47119,21.35,67
296.47538,21.35,374
298.47958,21.35,421
304.49216,21.35,1053
306.49636,21.35,293
308.50056,21.35,5627
310.50475,21.35,3318
312.50895,21.35,538
322.52993,21.35,1152
328.54251,21.35,220743
330.54671,21.35,50860
332.55091,21.35,45032
334.55510,21.35,27
346.58028,21.35,123
352.59286,21.35,83
354.59706,21.35,153
356.60126,21.35,12141
358.60545,21.35,13324
360.60965,21.35,28
364.61804,21.35,26
370.63063,21.35,116
376.64321,21.35,27
390.67258,21.35,21
392.67678,21.35,28
398.68937,21.35,22
408.71035,21.35,23
430.75650,21.35,175
448.79426,21.35,3310
450.79846,21.35,140
460.81944,21.35,209
474.84881,21.35,79
480.86139,21.35,8029
482.86559,21.35,560
530.96629,21.35,1210
116.09776,21.52,2511
140.14811,21.52,42811
174.21944,21.52,23
218.31175,21.52,257
222.32014,21.52,428
224.32433,21.52,56
226.32853,21.52,895
228.33273,21.52,127
234.34531,21.52,1216
236.34951,21.52,38
238.35370,21.52,37
240.35790,21.52,10263
242.36210,21.52,1239
244.36629,21.52,286
248.37468,21.52,433
250.37888,21.52,1388
252.38307,21.52,2954
254.38727,21.52,376
264.40825,21.52,28303
266.41245,21.52,3301
268.41664,21.52,23
272.42503,21.52,110
276.43342,21.52,59
278.43762,21.52,45
280.44182,21.52,198
282.44601,21.52,910
284.45021,21.52,641
286.45440,21.52,615
288.45860,21.52,21
290.46279,21.52,1253
292.46699,21.52,55
294.47119,21.52,436
296.47538,21.52,5070
298.47958,21.52,3412
300.48377,21.52,490
304.49216,21.52,655
306.49636,21.52,99
308.50056,21.52,1912
310.50475,21.52,2507
312.50895,21.52,403
316.51734,21.52,630
322.52993,21.52,172
328.54251,21.52,156455
330.54671,21.52,31930
332.55091,21.52,27517
346.58028,21.52,61
350.58867,21.52,1906
352.59286,21.52,717
354.59706,21.52,735
356.60126,21.52,28385
358.60545,21.52,30306
392.67678,21.52,38
396.68517,21.52,24
398.68937,21.52,22
430.75650,21.52,103
448.79426,21.52,3163
450.79846,21.52,133
460.81944,21.52,280
466.83202,21.52,2241
468.83622,21.52,103
470.84041,21.52,118
474.84881,21.52,79
480.86139,21.52,3344
482.86559,21.52,179
498.89915,21.52,664
530.96629,21.52,1778
116.09776,21.68,2209
140.14811,21.68,44085
218.31175,21.68,283
222.32014,21.68,578
234.34531,21.68,2012
236.34951,21.68,107
240.35790,21.68,8978
242.36210,21.68,1027
244.36629,21.68,122
248.37468,21.68,286
250.37888,21.68,72
252.38307,21.68,12799
254.38727,21.68,20224
256.39147,21.68,1838
264.40825,21.68,44150
266.41245,21.68,5434
268.41664,21.68,115
274.42923,21.68,23
276.43342,21.68,59
278.43762,21.68,23
280.44182,21.68,284
282.44601,21.68,1915
284.45021,21.68,561
286.45440,21.68,83
290.46279,21.68,2488
292.46699,21.68,252
294.47119,21.68,369
296.47538,21.68,8143
298.47958,21.68,5266
300.48377,21.68,924
310.50475,21.68,886
312.50895,21.68,63
316.51734,21.68,882
318.52154,21.68,22
322.52993,21.68,135
328.54251,21.68,17853
330.54671,21.68,2912
332.55091,21.68,295
336.55930,21.68,22
346.58028,21.68,480
350.58867,21.68,3805
352.59286,21.68,637
354.59706,21.68,597
356.60126,21.68,29170
358.60545,21.68,31207
366.62223,21.68,24
396.68517,21.68,88
408.71035,21.68,27
434.76489,21.68,45
448.79426,21.68,733
460.81944,21.68,22
466.83202,21.68,6147
468.83622,21.68,355
470.84041,21.68,118
480.86139,21.68,1962
498.89915,21.68,3284
500.90335,21.68,53
524.95370,21.68,372
530.96629,21.68,1648
90.04322,21.85,23
116.09776,21.85,2170
140.14811,21.85,44085
218.31175,21.85,283
222.32014,21.85,581
234.34531,21.85,2157
236.34951,21.85,501
240.35790,21.85,4903
242.36210,21.85,534
244.36629,21.85,160
248.37468,21.85,799
250.37888,21.85,336
252.38307,21.85,44046
254.38727,21.85,286473
256.39147,21.85,47387
258.39566,21.85,85
264.40825,21.85,47292
266.41245,21.85,5602
268.41664,21.85,345
270.42084,21.85,101
274.42923,21.85,89
276.43342,21.85,49
278.43762,21.85,224
280.44182,21.85,233
282.44601,21.85,2568
284.45021,21.85,340
286.45440,21.85,107
290.46279,21.85,3201
292.46699,21.85,465
294.47119,21.85,154
296.47538,21.85,8940
298.47958,21.85,5312
300.48377,21.85,800
308.50056,21.85,708
310.50475,21.85,352
316.51734,21.85,810
318.52154,21.85,22
328.54251,21.85,827
330.54671,21.85,79
332.55091,21.85,22
336.55930,21.85,30
344.57608,21.85,44
346.58028,21.85,783
348.58447,21.85,241
350.58867,21.85,4820
352.59286,21.85,4859
354.59706,21.85,164
356.60126,21.85,21655
358.60545,21.85,23866
366.62223,21.85,661
368.62643,21.85,52
390.67258,21.85,24
396.68517,21.85,71
398.68937,21.85,44
400.69356,21.85,2693
402.69776,21.85,2151
404.70195,21.85,21
408.71035,21.85,61
422.73972,21.85,45
430.75650,21.85,46
434.76489,21.85,83
436.76909,21.85,24
448.79426,21.85,87
466.83202,21.85,10225
468.83622,21.85,689
470.84041,21.85,54
472.84461,21.85,86
480.86139,21.85,3426
482.86559,21.85,222
498.89915,21.85,22544
500.90335,21.85,1209
518.94111,21.85,327
524.95370,21.85,2474
530.96629,21.85,1433
538.98307,21.85,99
90.04322,22.02,23
116.09776,22.02,2269
140.14811,22.02,43623
218.31175,22.02,30
222.32014,22.02,237
234.34531,22.02,804
236.34951,22.02,605
240.35790,22.02,167
242.36210,22.02,21
244.36629,22.02,59
248.37468,22.02,2048
250.37888,22.02,324
252.38307,22.02,45162
254.38727,22.02,505656
256.39147,22.02,87663
258.39566,22.02,275
264.40825,22.02,16276
266.41245,22.02,3944
268.41664,22.02,1077
270.42084,22.02,236
274.42923,22.02,21
276.43342,22.02,273
278.43762,22.02,1132
280.44182,22.02,59
282.44601,22.02,1665
284.45021,22.02,124
286.45440,22.02,71
288.45860,22.02,141
290.46279,22.02,1794
292.46699,22.02,228
294.47119,22.02,272
296.47538,22.02,3855
298.47958,22.02,2499
300.48377,22.02,314
302.48797,22.02,22
308.50056,22.02,1478
310.50475,22.02,58
316.51734,22.02,117
328.54251,22.02,129
330.54671,22.02,25
344.57608,22.02,183
346.58028,22.02,286
348.58447,22.02,390
350.58867,22.02,2367
352.59286,22.02,3208
356.60126,22.02,2371
358.60545,22.02,3686
366.62223,22.02,1310
368.62643,22.02,164
390.67258,22.02,21
398.68937,22.02,110
400.69356,22.02,5900
402.69776,22.02,5232
404.70195,22.02,23
412.71874,22.02,24
422.73972,22.02,24
426.74811,22.02,50
430.75650,22.02,46
442.78167,22.02,22
466.83202,22.02,6886
468.83622,22.02,484
472.84461,22.02,86
480.86139,22.02,3023
482.86559,22.02,196
498.89915,22.02,36096
500.90335,22.02,2123
518.94111,22.02,446
524.95370,22.02,2986
530.96629,22.02,1174
538.98307,22.02,77
544.99566,22.02,78
575.05859,22.02,65
59.98028,22.18,67
116.09776,22.18,2174
140.14811,22.18,43498
206.28657,22.18,33
222.32014,22.18,199
234.34531,22.18,249
236.34951,22.18,430
248.37468,22.18,3269
250.37888,22.18,328
252.38307,22.18,32364
254.38727,22.18,626998
256.39147,22.18,109062
258.39566,22.18,488
264.40825,22.18,4231
266.41245,22.18,2407
268.41664,22.18,2319
270.42084,22.18,1507
272.42503,22.18,47
276.43342,22.18,1128
278.43762,22.18,2793
280.44182,22.18,208
282.44601,22.18,1885
284.45021,22.18,42
286.45440,22.18,21
288.45860,22.18,289
290.46279,22.18,688
294.47119,22.18,382
296.47538,22.18,1516
298.47958,22.18,2188
300.48377,22.18,98
302.48797,22.18,65
308.50056,22.18,2020
310.50475,22.18,122
314.51314,22.18,70
328.54251,22.18,421
330.54671,22.18,25
344.57608,22.18,143
346.58028,22.18,348
348.58447,22.18,165
350.58867,22.18,818
352.59286,22.18,390
356.60126,22.18,70
358.60545,22.18,351
366.62223,22.18,2032
368.62643,22.18,333
372.63482,22.18,52
374.63902,22.18,29
386.66419,22.18,45
398.68937,22.18,90
400.69356,22.18,5521
402.69776,22.18,5020
410.71454,22.18,25
426.74811,22.18,29
428.75230,22.18,656
442.78167,22.18,25
448.79426,22.18,26
466.83202,22.18,2905
468.83622,22.18,199
470.84041,22.18,21
480.86139,22.18,2265
482.86559,22.18,152
498.89915,22.18,45466
500.90335,22.18,2743
506.91594,22.18,666
518.94111,22.18,302
524.95370,22.18,2479
530.96629,22.18,1164
538.98307,22.18,45
544.99566,22.18,262
575.05859,22.18,65
581.07118,22.18,76
59.98028,22.35,92
116.09776,22.35,2121
140.14811,22.35,43049
206.28657,22.35,33
222.32014,22.35,126
236.34951,22.35,157
248.37468,22.35,3350
250.37888,22.35,398
252.38307,22.35,15130
254.38727,22.35,558150
256.39147,22.35,98052
258.39566,22.35,1540
260.39986,22.35,191
264.40825,22.35,73
266.41245,22.35,7392
268.41664,22.35,5520
270.42084,22.35,7124
272.42503,22.35,581
274.42923,22.35,152
276.43342,22.35,4841
278.43762,22.35,4296
280.44182,22.35,342
282.44601,22.35,4146
284.45021,22.35,449
286.45440,22.35,111
288.45860,22.35,335
290.46279,22.35,323
292.46699,22.35,3604
294.47119,22.35,293
296.47538,22.35,524
298.47958,22.35,1322
300.48377,22.35,24
302.48797,22.35,200
306.49636,22.35,159
308.50056,22.35,1709
310.50475,22.35,188
314.51314,22.35,127
328.54251,22.35,300
344.57608,22.35,359
346.58028,22.35,429
348.58447,22.35,64
350.58867,22.35,167
354.59706,22.35,82
356.60126,22.35,24
358.60545,22.35,32
360.60965,22.35,24
364.61804,22.35,21
366.62223,22.35,4096
368.62643,22.35,959
370.63063,22.35,74
372.63482,22.35,98
374.63902,22.35,128
386.66419,22.35,119
400.69356,22.35,2238
402.69776,22.35,2044
410.71454,22.35,25
414.72293,22.35,24
428.75230,22.35,4409
430.75650,22.35,139
442.78167,22.35,25
454.80685,22.35,24
466.83202,22.35,608
470.84041,22.35,21
480.86139,22.35,1449
482.86559,22.35,84
494.89076,22.35,23
498.89915,22.35,65418
500.90335,22.35,4371
506.91594,22.35,12392
508.92013,22.35,285
518.94111,22.35,131
524.95370,22.35,1291
530.96629,22.35,1142
544.99566,22.35,384
575.05859,22.35,45
581.07118,22.35,165
116.09776,22.52,1688
140.14811,22.52,43056
222.32014,22.52,127
248.37468,22.52,1066
250.37888,22.52,91
252.38307,22.52,191
254.38727,22.52,155874
256.39147,22.52,27095
258.39566,22.52,2298
260.39986,22.52,323
264.40825,22.52,97
266.41245,22.52,11058
268.41664,22.52,14565
270.42084,22.52,8516
272.42503,22.52,683
274.42923,22.52,182
276.43342,22.52,6460
278.43762,22.52,12864
280.44182,22.52,2069
282.44601,22.52,11465
284.45021,22.52,1018
286.45440,22.52,195
288.45860,22.52,260
290.46279,22.52,472
292.46699,22.52,16885
294.47119,22.52,2194
296.47538,22.52,1521
298.47958,22.52,150
300.48377,22.52,295
302.48797,22.52,173
306.49636,22.52,483
308.50056,22.52,646
310.50475,22.52,49
314.51314,22.52,27
328.54251,22.52,170
342.57188,22.52,139
344.57608,22.52,1187
346.58028,22.52,444
348.58447,22.52,70
350.58867,22.52,22
354.59706,22.52,305
358.60545,22.52,21
360.60965,22.52,54
362.61384,22.52,28
364.61804,22.52,21
366.62223,22.52,5401
368.62643,22.52,1191
370.63063,22.52,22
372.63482,22.52,55
374.63902,22.52,79
386.66419,22.52,1184
388.66839,22.52,102
392.67678,22.52,21
428.75230,22.52,5401
430.75650,22.52,172
434.76489,22.52,25
454.80685,22.52,21
474.84881,22.52,21
480.86139,22.52,305
486.87398,22.52,22
498.89915,22.52,80359
500.90335,22.52,5560
502.90755,22.52,104
506.91594,22.52,22318
508.92013,22.52,600
530.96629,22.52,531
544.99566,22.52,171
581.07118,22.52,216
116.09776,22.68,1973
140.14811,22.68,42464
206.28657,22.68,21
222.32014,22.68,173
248.37468,22.68,270
254.38727,22.68,43908
256.39147,22.68,6727
258.39566,22.68,2334
260.39986,22.68,271
262.40405,22.68,135
264.40825,22.68,110
266.41245,22.68,11252
268.41664,22.68,29256
270.42084,22.68,7089
272.42503,22.68,505
274.42923,22.68,180
276.43342,22.68,16923
278.43762,22.68,152185
280.44182,22.68,116616
282.44601,22.68,22749
284.45021,22.68,2231
286.45440,22.68,431
288.45860,22.68,532
290.46279,22.68,5229
292.46699,22.68,69740
294.47119,22.68,10535
296.47538,22.68,7657
298.47958,22.68,1101
300.48377,22.68,576
302.48797,22.68,102
306.49636,22.68,1155
308.50056,22.68,1355
310.50475,22.68,214
314.51314,22.68,254
328.54251,22.68,218
334.55510,22.68,387
336.55930,22.68,123
338.56349,22.68,412
342.57188,22.68,272
344.57608,22.68,2631
346.58028,22.68,423
348.58447,22.68,57
354.59706,22.68,1090
356.60126,22.68,26
360.60965,22.68,94
366.62223,22.68,6373
368.62643,22.68,1343
372.63482,22.68,46
374.63902,22.68,240
386.66419,22.68,17991
388.66839,22.68,3106
390.67258,22.68,174
392.67678,22.68,329
400.69356,22.68,202
402.69776,22.68,49
414.72293,22.68,397
416.72713,22.68,129
428.75230,22.68,4553
430.75650,22.68,155
454.80685,22.68,48
456.81104,22.68,23
474.84881,22.68,31
480.86139,22.68,48
482.86559,22.68,21
486.87398,22.68,22
488.87818,22.68,30
490.88237,22.68,25
498.89915,22.68,83083
500.90335,22.68,6023
502.90755,22.68,104
506.91594,22.68,27074
508.92013,22.68,802
530.96629,22.68,212
544.99566,22.68,23
549.00405,22.68,55
569.04601,22.68,91
581.07118,22.68,504
589.08796,22.68,46
59.98028,22.85,67
116.09776,22.85,2139
140.14811,22.85,39687
206.28657,22.85,21
222.32014,22.85,51
254.38727,22.85,2203
256.39147,22.85,149
258.39566,22.85,729
260.39986,22.85,27
262.40405,22.85,107
264.40825,22.85,21
266.41245,22.85,3836
268.41664,22.85,24260
270.42084,22.85,3692
272.42503,22.85,289
276.43342,22.85,26018
278.43762,22.85,294339
280.44182,22.85,330632
282.44601,22.85,63518
284.45021,22.85,1711
286.45440,22.85,484
288.45860,22.85,259
290.46279,22.85,10154
292.46699,22.85,80957
294.47119,22.85,12764
296.47538,22.85,9770
298.47958,22.85,1435
300.48377,22.85,515
302.48797,22.85,102
306.49636,22.85,1431
308.50056,22.85,6130
310.50475,22.85,880
312.50895,22.85,150
314.51314,22.85,208
324.53412,22.85,21
328.54251,22.85,275
334.55510,22.85,928
336.55930,22.85,135
338.56349,22.85,992
340.56769,22.85,96
342.57188,22.85,155
344.57608,22.85,2115
346.58028,22.85,299
354.59706,22.85,1111
358.60545,22.85,29
366.62223,22.85,5251
368.62643,22.85,1014
372.63482,22.85,32
374.63902,22.85,196
386.66419,22.85,32383
388.66839,22.85,5964
390.67258,22.85,366
392.67678,22.85,102
400.69356,22.85,186
402.69776,22.85,45
414.72293,22.85,477
416.72713,22.85,289
428.75230,22.85,740
454.80685,22.85,22
474.84881,22.85,25
482.86559,22.85,21
488.87818,22.85,23
490.88237,22.85,55
498.89915,22.85,35561
500.90335,22.85,2668
502.90755,22.85,23
504.91174,22.85,56
506.91594,22.85,13046
508.92013,22.85,340
510.92433,22.85,45
530.96629,22.85,29
549.00405,22.85,55
569.04601,22.85,433
581.07118,22.85,537
589.08796,22.85,157
59.98028,23.02,91
116.09776,23.02,2024
140.14811,23.02,37747
222.32014,23.02,162
254.38727,23.02,2122
256.39147,23.02,198
258.39566,23.02,190
262.40405,23.02,21
264.40825,23.02,21
266.41245,23.02,1095
268.41664,23.02,13632
270.42084,23.02,2000
272.42503,23.02,286
276.43342,23.02,32233
278.43762,23.02,425706
280.44182,23.02,623686
282.44601,23.02,122694
284.45021,23.02,807
286.45440,23.02,538
288.45860,23.02,133
290.46279,23.02,15741
292.46699,23.02,67982
294.47119,23.02,33271
296.47538,23.02,12701
298.47958,23.02,1315
300.48377,23.02,1136
302.48797,23.02,209
304.49216,23.02,172
306.49636,23.02,1484
308.50056,23.02,14866
310.50475,23.02,3825
312.50895,23.02,596
314.51314,23.02,104
324.53412,23.02,21
328.54251,23.02,253
334.55510,23.02,1282
336.55930,23.02,57
338.56349,23.02,1419
340.56769,23.02,133
342.57188,23.02,48
344.57608,23.02,1252
346.58028,23.02,209
354.59706,23.02,782
356.60126,23.02,105
358.60545,23.02,120
366.62223,23.02,3648
368.62643,23.02,625
372.63482,23.02,32
374.63902,23.02,121
386.66419,23.02,43190
388.66839,23.02,8147
390.67258,23.02,519
400.69356,23.02,48
402.69776,23.02,22
414.72293,23.02,126
416.72713,23.02,146
428.75230,23.02,45
454.80685,23.02,22
458.81524,23.02,21
462.82363,23.02,22
468.83622,23.02,21
470.84041,23.02,22
488.87818,23.02,28
490.88237,23.02,22
492.88657,23.02,24
494.89076,23.02,21
498.89915,23.02,12461
500.90335,23.02,876
502.90755,23.02,28
506.91594,23.02,4565
508.92013,23.02,94
510.92433,23.02,45
512.92853,23.02,138
514.93272,23.02,159
530.96629,23.02,110
549.00405,23.02,33
569.04601,23.02,1062
581.07118,23.02,525
589.08796,23.02,173
59.98028,23.18,53
116.09776,23.18,2127
140.14811,23.18,39113
222.32014,23.18,162
254.38727,23.18,2422
256.39147,23.18,155
258.39566,23.18,54
264.40825,23.18,123
266.41245,23.18,182
268.41664,23.18,4763
270.42084,23.18,611
272.42503,23.18,612
276.43342,23.18,32986
278.43762,23.18,480203
280.44182,23.18,851963
282.44601,23.18,173472
284.45021,23.18,987
286.45440,23.18,492
288.45860,23.18,98
290.46279,23.18,25979
292.46699,23.18,53687
294.47119,23.18,94734
296.47538,23.18,46649
298.47958,23.18,5952
300.48377,23.18,1491
302.48797,23.18,545
304.49216,23.18,2773
306.49636,23.18,1541
308.50056,23.18,24289
310.50475,23.18,23513
312.50895,23.18,2938
314.51314,23.18,22
322.52993,23.18,74
328.54251,23.18,255
332.55091,23.18,221
334.55510,23.18,1124
338.56349,23.18,1218
340.56769,23.18,51
342.57188,23.18,156
344.57608,23.18,456
346.58028,23.18,189
352.59286,23.18,25
354.59706,23.18,293
356.60126,23.18,2152
358.60545,23.18,475
366.62223,23.18,2473
368.62643,23.18,333
374.63902,23.18,24
378.64741,23.18,60
380.65160,23.18,21
386.66419,23.18,47838
388.66839,23.18,8907
390.67258,23.18,583
398.68937,23.18,26
400.69356,23.18,333
402.69776,23.18,52
404.70195,23.18,108
414.72293,23.18,22
454.80685,23.18,21
462.82363,23.18,21
468.83622,23.18,31
470.84041,23.18,50
474.84881,23.18,78
480.86139,23.18,22
482.86559,23.18,71
484.86978,23.18,21
486.87398,23.18,21
490.88237,23.18,44
492.88657,23.18,67
498.89915,23.18,2072
500.90335,23.18,120
506.91594,23.18,1719
512.92853,23.18,766
514.93272,23.18,765
524.95370,23.18,42
526.95790,23.18,23
530.96629,23.18,166
569.04601,23.18,1665
571.05020,23.18,76
581.07118,23.18,738
589.08796,23.18,90
61.98448,23.35,23
116.09776,23.35,2055
140.14811,23.35,39253
254.38727,23.35,2032
256.39147,23.35,44
258.39566,23.35,142
264.40825,23.35,173
268.41664,23.35,136
272.42503,23.35,1000
276.43342,23.35,20514
278.43762,23.35,302534
280.44182,23.35,638809
282.44601,23.35,131571
284.45021,23.35,671
286.45440,23.35,225
290.46279,23.35,30688
292.46699,23.35,54943
294.47119,23.35,109900
296.47538,23.35,78232
298.47958,23.35,11083
300.48377,23.35,865
302.48797,23.35,2350
304.49216,23.35,5618
306.49636,23.35,1488
308.50056,23.35,17921
310.50475,23.35,52146
312.50895,23.35,6342
314.51314,23.35,161
316.51734,23.35,166
322.52993,23.35,699
324.53412,23.35,1420
326.53832,23.35,100
328.54251,23.35,252
332.55091,23.35,493
334.55510,23.35,233
338.56349,23.35,213
340.56769,23.35,48
342.57188,23.35,136
346.58028,23.35,85
352.59286,23.35,104
354.59706,23.35,38
356.60126,23.35,4971
358.60545,23.35,1258
366.62223,23.35,1720
368.62643,23.35,209
372.63482,23.35,128
378.64741,23.35,119
380.65160,23.35,54
386.66419,23.35,45678
388.66839,23.35,8286
390.67258,23.35,614
398.68937,23.35,21
400.69356,23.35,871
402.69776,23.35,234
404.70195,23.35,266
454.80685,23.35,31
474.84881,23.35,53
482.86559,23.35,71
484.86978,23.35,21
490.88237,23.35,21
492.88657,23.35,45
498.89915,23.35,27
512.92853,23.35,918
514.93272,23.35,951
526.95790,23.35,27
530.96629,23.35,91
569.04601,23.35,1138
575.05859,23.35,21
581.07118,23.35,746
59.98028,23.52,21
61.98448,23.52,23
116.09776,23.52,2506
118.10196,23.52,27
140.14811,23.52,39388
254.38727,23.52,1779
256.39147,23.52,67
258.39566,23.52,159
264.40825,23.52,131
268.41664,23.52,76
272.42503,23.52,1032
276.43342,23.52,13461
278.43762,23.52,170868
280.44182,23.52,349993
282.44601,23.52,72494
284.45021,23.52,323
286.45440,23.52,106
290.46279,23.52,37815
292.46699,23.52,46821
294.47119,23.52,105215
296.47538,23.52,114436
298.47958,23.52,16059
300.48377,23.52,3996
302.48797,23.52,41373
304.49216,23.52,9096
306.49636,23.52,1765
308.50056,23.52,8861
310.50475,23.52,200673
312.50895,23.52,31806
314.51314,23.52,772
316.51734,23.52,1230
318.52154,23.52,523
320.52573,23.52,614
322.52993,23.52,4780
324.53412,23.52,23928
326.53832,23.52,3334
328.54251,23.52,2094
330.54671,23.52,149
332.55091,23.52,712
334.55510,23.52,69
338.56349,23.52,129
340.56769,23.52,48
342.57188,23.52,111
346.58028,23.52,27
352.59286,23.52,96
354.59706,23.52,29
356.60126,23.52,7519
358.60545,23.52,1898
360.60965,23.52,33
362.61384,23.52,28
366.62223,23.52,1352
368.62643,23.52,136
372.63482,23.52,712
374.63902,23.52,46
376.64321,23.52,48
378.64741,23.52,80
380.65160,23.52,666
382.65580,23.52,83
386.66419,23.52,38225
388.66839,23.52,6851
390.67258,23.52,412
398.68937,23.52,78
400.69356,23.52,1449
402.69776,23.52,327
404.70195,23.52,398
422.73972,23.52,149
426.74811,23.52,54
428.75230,23.52,22
452.80265,23.52,131
454.80685,23.52,21
476.85300,23.52,23
480.86139,23.52,21
488.87818,23.52,21
492.88657,23.52,33
494.89076,23.52,55
498.89915,23.52,27
504.91174,23.52,24
508.92013,23.52,22
510.92433,23.52,47
512.92853,23.52,763
514.93272,23.52,772
522.94950,23.52,26
569.04601,23.52,465
575.05859,23.52,52
581.07118,23.52,704
605.12153,23.52,74
639.19286,23.52,405
116.09776,23.68,2463
118.10196,23.68,27
140.14811,23.68,39986
224.32433,23.68,31
254.38727,23.68,1773
256.39147,23.68,47
258.39566,23.68,240
264.40825,23.68,29
268.41664,23.68,33
272.42503,23.68,372
276.43342,23.68,5633
278.43762,23.68,26879
280.44182,23.68,30842
282.44601,23.68,5923
284.45021,23.68,130
286.45440,23.68,70
290.46279,23.68,41361
292.46699,23.68,19855
294.47119,23.68,63317
296.47538,23.68,114546
298.47958,23.68,15719
300.48377,23.68,7261
302.48797,23.68,91936
304.49216,23.68,18097
306.49636,23.68,1481
308.50056,23.68,792
310.50475,23.68,291376
312.50895,23.68,49120
314.51314,23.68,1747
316.51734,23.68,2556
318.52154,23.68,2333
320.52573,23.68,2121
322.52993,23.68,6285
324.53412,23.68,52058
326.53832,23.68,7595
328.54251,23.68,6845
330.54671,23.68,703
332.55091,23.68,287
334.55510,23.68,157
338.56349,23.68,84
340.56769,23.68,22
352.59286,23.68,23
356.60126,23.68,5071
358.60545,23.68,1211
362.61384,23.68,120
366.62223,23.68,325
372.63482,23.68,729
374.63902,23.68,32
376.64321,23.68,27
378.64741,23.68,36
380.65160,23.68,837
382.65580,23.68,66
386.66419,23.68,10713
388.66839,23.68,1836
390.67258,23.68,63
398.68937,23.68,28
400.69356,23.68,1012
402.69776,23.68,202
404.70195,23.68,173
422.73972,23.68,160
426.74811,23.68,92
428.75230,23.68,22
452.80265,23.68,240
484.86978,23.68,22
510.92433,23.68,47
512.92853,23.68,87
514.93272,23.68,114
530.96629,23.68,85
581.07118,23.68,632
605.12153,23.68,98
631.17608,23.68,99
639.19286,23.68,1003
645.20545,23.68,24
116.09776,23.85,2519
118.10196,23.85,21
140.14811,23.85,40938
224.32433,23.85,31
254.38727,23.85,1781
256.39147,23.85,22
258.39566,23.85,539
260.39986,23.85,25
272.42503,23.85,63
276.43342,23.85,4767
278.43762,23.85,7508
280.44182,23.85,4221
282.44601,23.85,1613
284.45021,23.85,48
286.45440,23.85,136
290.46279,23.85,47562
292.46699,23.85,11010
294.47119,23.85,41306
296.47538,23.85,110100
298.47958,23.85,15273
300.48377,23.85,9383
302.48797,23.85,144595
304.49216,23.85,29637
306.49636,23.85,3317
308.50056,23.85,1100
310.50475,23.85,346684
312.50895,23.85,60099
314.51314,23.85,2903
316.51734,23.85,4203
318.52154,23.85,6424
320.52573,23.85,4214
322.52993,23.85,5616
324.53412,23.85,105009
326.53832,23.85,16047
328.54251,23.85,14131
330.54671,23.85,1732
332.55091,23.85,295
334.55510,23.85,112
336.55930,23.85,520
338.56349,23.85,90
340.56769,23.85,102
352.59286,23.85,23
356.60126,23.85,2154
358.60545,23.85,447
362.61384,23.85,124
366.62223,23.85,52
368.62643,23.85,23
370.63063,23.85,31
372.63482,23.85,452
378.64741,23.85,26
380.65160,23.85,702
382.65580,23.85,53
386.66419,23.85,2622
388.66839,23.85,414
390.67258,23.85,29
400.69356,23.85,445
402.69776,23.85,459
404.70195,23.85,59
422.73972,23.85,96
426.74811,23.85,28
452.80265,23.85,25
458.81524,23.85,21
508.92013,23.85,24
512.92853,23.85,21
524.95370,23.85,26
530.96629,23.85,274
581.07118,23.85,533
605.12153,23.85,61
623.15929,23.85,26
631.17608,23.85,279
639.19286,23.85,1533
645.20545,23.85,130
116.09776,24.02,2457
140.14811,24.02,40777
224.32433,24.02,31
254.38727,24.02,1602
258.39566,24.02,825
264.40825,24.02,42
272.42503,24.02,22
276.43342,24.02,4325
278.43762,24.02,2231
280.44182,24.02,2850
282.44601,24.02,573
284.45021,24.02,58
286.45440,24.02,217
290.46279,24.02,61235
292.46699,24.02,8431
294.47119,24.02,23312
296.47538,24.02,103277
298.47958,24.02,14307
300.48377,24.02,9806
302.48797,24.02,187217
304.49216,24.02,38660
306.49636,24.02,6746
308.50056,24.02,1288
310.50475,24.02,354408
312.50895,24.02,62240
314.51314,24.02,3321
316.51734,24.02,7078
318.52154,24.02,16208
320.52573,24.02,5398
322.52993,24.02,3412
324.53412,24.02,399481
326.53832,24.02,71975
328.54251,24.02,28371
330.54671,24.02,3833
332.55091,24.02,993
334.55510,24.02,4643
336.55930,24.02,6348
338.56349,24.02,5036
340.56769,24.02,739
342.57188,24.02,29
352.59286,24.02,23
356.60126,24.02,504
358.60545,24.02,45
362.61384,24.02,53
368.62643,24.02,34
370.63063,24.02,102
372.63482,24.02,1146
374.63902,24.02,220
380.65160,24.02,423
382.65580,24.02,142
384.66000,24.02,295
386.66419,24.02,49
388.66839,24.02,64
390.67258,24.02,29
400.69356,24.02,524
402.69776,24.02,686
428.75230,24.02,26
442.78167,24.02,129
444.78587,24.02,145
496.89496,24.02,32
508.92013,24.02,217
512.92853,24.02,21
526.95790,24.02,23
530.96629,24.02,774
534.97468,24.02,33
559.02503,24.02,21
581.07118,24.02,343
623.15929,24.02,705
625.16349,24.02,217
631.17608,24.02,336
639.19286,24.02,1558
645.20545,24.02,207
116.09776,24.18,2463
140.14811,24.18,38043
254.38727,24.18,1458
256.39147,24.18,79
258.39566,24.18,777
264.40825,24.18,57
276.43342,24.18,2113
278.43762,24.18,1868
280.44182,24.18,2943
282.44601,24.18,253
284.45021,24.18,92
286.45440,24.18,112
290.46279,24.18,56437
292.46699,24.18,7846
294.47119,24.18,4303
296.47538,24.18,94909
298.47958,24.18,12713
300.48377,24.18,6367
302.48797,24.18,168257
304.49216,24.18,37201
306.49636,24.18,7155
308.50056,24.18,865
310.50475,24.18,273498
312.50895,24.18,46463
314.51314,24.18,3444
316.51734,24.18,7561
318.52154,24.18,18428
320.52573,24.18,4001
322.52993,24.18,601
324.53412,24.18,616196
326.53832,24.18,113120
328.54251,24.18,33245
330.54671,24.18,4486
332.55091,24.18,1619
334.55510,24.18,10502
336.55930,24.18,11044
338.56349,24.18,11168
340.56769,24.18,1574
342.57188,24.18,229
344.57608,24.18,157
350.58867,24.18,21
352.59286,24.18,958
354.59706,24.18,65
372.63482,24.18,2567
374.63902,24.18,631
378.64741,24.18,93
382.65580,24.18,166
384.66000,24.18,800
386.66419,24.18,49
388.66839,24.18,127
400.69356,24.18,905
402.69776,24.18,388
428.75230,24.18,954
440.77748,24.18,82
442.78167,24.18,788
444.78587,24.18,419
508.92013,24.18,196
530.96629,24.18,491
532.97048,24.18,22
534.97468,24.18,22
540.98727,24.18,22
557.02083,24.18,27
559.02503,24.18,21
581.07118,24.18,95
601.11314,24.18,25
623.15929,24.18,897
625.16349,24.18,245
631.17608,24.18,393
639.19286,24.18,467
645.20545,24.18,46
59.98028,24.35,29
116.09776,24.35,2422
140.14811,24.35,36515
222.32014,24.35,45
254.38727,24.35,1546
256.39147,24.35,86
258.39566,24.35,636
264.40825,24.35,75
276.43342,24.35,908
278.43762,24.35,1744
280.44182,24.35,2735
282.44601,24.35,316
284.45021,24.35,63
286.45440,24.35,21
290.46279,24.35,40808
292.46699,24.35,6022
294.47119,24.35,2087
296.47538,24.35,105854
298.47958,24.35,14674
300.48377,24.35,4404
302.48797,24.35,137516
304.49216,24.35,31462
306.49636,24.35,6339
308.50056,24.35,1357
310.50475,24.35,225656
312.50895,24.35,36617
314.51314,24.35,6102
316.51734,24.35,7276
318.52154,24.35,18255
320.52573,24.35,4942
322.52993,24.35,982
324.53412,24.35,760906
326.53832,24.35,141079
328.54251,24.35,35047
330.54671,24.35,4894
332.55091,24.35,1790
334.55510,24.35,16925
336.55930,24.35,13568
338.56349,24.35,22797
340.56769,24.35,2645
342.57188,24.35,778
344.57608,24.35,444
346.58028,24.35,191
350.58867,24.35,569
352.59286,24.35,3828
354.59706,24.35,409
370.63063,24.35,21
372.63482,24.35,3943
374.63902,24.35,1047
376.64321,24.35,22
378.64741,24.35,137
382.65580,24.35,190
384.66000,24.35,1243
386.66419,24.35,76
388.66839,24.35,81
400.69356,24.35,1047
402.69776,24.35,287
410.71454,24.35,23
428.75230,24.35,1694
434.76489,24.35,21
440.77748,24.35,246
442.78167,24.35,2093
444.78587,24.35,801
446.79006,24.35,57
448.79426,24.35,25
468.83622,24.35,24
508.92013,24.35,77
530.96629,24.35,177
581.07118,24.35,156
585.07957,24.35,58
601.11314,24.35,33
615.14251,24.35,21
623.15929,24.35,623
625.16349,24.35,144
631.17608,24.35,510
639.19286,24.35,108
59.98028,24.52,29
116.09776,24.52,1800
140.14811,24.52,34859
202.27818,24.52,24
222.32014,24.52,79
244.36629,24.52,22
254.38727,24.52,1347
256.39147,24.52,43
258.39566,24.52,519
264.40825,24.52,49
276.43342,24.52,231
278.43762,24.52,1642
280.44182,24.52,2534
282.44601,24.52,379
284.45021,24.52,50
290.46279,24.52,22257
292.46699,24.52,3435
294.47119,24.52,1542
296.47538,24.52,116188
298.47958,24.52,16743
300.48377,24.52,2911
302.48797,24.52,105695
304.49216,24.52,23101
306.49636,24.52,4832
308.50056,24.52,2871
310.50475,24.52,205860
312.50895,24.52,32795
314.51314,24.52,7924
316.51734,24.52,6159
318.52154,24.52,16868
320.52573,24.52,4966
322.52993,24.52,1235
324.53412,24.52,763609
326.53832,24.52,141837
328.54251,24.52,31807
330.54671,24.52,4409
332.55091,24.52,1882
334.55510,24.52,20941
336.55930,24.52,11670
338.56349,24.52,114097
340.56769,24.52,21049
342.57188,24.52,2727
344.57608,24.52,627
346.58028,24.52,356
348.58447,24.52,313
350.58867,24.52,3607
352.59286,24.52,13205
354.59706,24.52,2019
356.60126,24.52,68
362.61384,24.52,69
364.61804,24.52,75
366.62223,24.52,28
368.62643,24.52,119
370.63063,24.52,281
372.63482,24.52,4254
374.63902,24.52,1209
376.64321,24.52,22
378.64741,24.52,97
382.65580,24.52,247
384.66000,24.52,1226
386.66419,24.52,34
388.66839,24.52,25
400.69356,24.52,988
402.69776,24.52,183
410.71454,24.52,50
420.73552,24.52,91
428.75230,24.52,968
432.76069,24.52,21
434.76489,24.52,2577
440.77748,24.52,441
442.78167,24.52,4328
444.78587,24.52,1086
446.79006,24.52,57
448.79426,24.52,103
468.83622,24.52,121
528.96209,24.52,97
559.02503,24.52,21
581.07118,24.52,124
585.07957,24.52,58
601.11314,24.52,24
615.14251,24.52,21
623.15929,24.52,231
625.16349,24.52,22
631.17608,24.52,941
695.31034,24.52,86
116.09776,24.68,1770
140.14811,24.68,30315
218.31175,24.68,54
222.32014,24.68,46
244.36629,24.68,22
254.38727,24.68,756
256.39147,24.68,69
258.39566,24.68,148
276.43342,24.68,85
278.43762,24.68,1195
280.44182,24.68,2508
282.44601,24.68,161
290.46279,24.68,1859
292.46699,24.68,1732
294.47119,24.68,880
296.47538,24.68,77900
298.47958,24.68,11857
300.48377,24.68,1334
302.48797,24.68,55106
304.49216,24.68,11334
306.49636,24.68,1876
308.50056,24.68,3546
310.50475,24.68,210622
312.50895,24.68,34324
314.51314,24.68,5306
316.51734,24.68,3008
318.52154,24.68,11667
320.52573,24.68,2224
322.52993,24.68,1066
324.53412,24.68,550959
326.53832,24.68,98364
328.54251,24.68,23402
330.54671,24.68,11305
332.55091,24.68,1889
334.55510,24.68,16160
336.55930,24.68,3204
338.56349,24.68,211547
340.56769,24.68,42731
342.57188,24.68,3290
344.57608,24.68,340
346.58028,24.68,1144
348.58447,24.68,627
350.58867,24.68,5484
352.59286,24.68,14448
354.59706,24.68,3878
356.60126,24.68,358
362.61384,24.68,177
364.61804,24.68,166
366.62223,24.68,21
368.62643,24.68,863
370.63063,24.68,315
372.63482,24.68,1763
374.63902,24.68,488
382.65580,24.68,142
384.66000,24.68,301
400.69356,24.68,476
410.71454,24.68,149
420.73552,24.68,250
434.76489,24.68,1706
440.77748,24.68,381
442.78167,24.68,3706
444.78587,24.68,813
448.79426,24.68,110
468.83622,24.68,23
472.84461,24.68,77
528.96209,24.68,621
601.11314,24.68,49
629.17188,24.68,24
631.17608,24.68,1221
633.18027,24.68,21
681.28097,24.68,49
695.31034,24.68,290
59.98028,24.85,24
116.09776,24.85,1696
140.14811,24.85,31655
206.28657,24.85,23
218.31175,24.85,165
222.32014,24.85,23
244.36629,24.85,22
254.38727,24.85,895
256.39147,24.85,111
258.39566,24.85,81
264.40825,24.85,29
276.43342,24.85,89
278.43762,24.85,1007
280.44182,24.85,2267
282.44601,24.85,246
290.46279,24.85,55
292.46699,24.85,2170
294.47119,24.85,678
296.47538,24.85,42164
298.47958,24.85,6393
300.48377,24.85,775
302.48797,24.85,39872
304.49216,24.85,11625
306.49636,24.85,1301
308.50056,24.85,3644
310.50475,24.85,200730
312.50895,24.85,33201
314.51314,24.85,3085
316.51734,24.85,1897
318.52154,24.85,9345
320.52573,24.85,1276
322.52993,24.85,1167
324.53412,24.85,471933
326.53832,24.85,82236
328.54251,24.85,22720
330.54671,24.85,35456
332.55091,24.85,7394
334.55510,24.85,11622
336.55930,24.85,3009
338.56349,24.85,341220
340.56769,24.85,71834
342.57188,24.85,4343
344.57608,24.85,505
346.58028,24.85,3010
348.58447,24.85,850
350.58867,24.85,6405
352.59286,24.85,11612
354.59706,24.85,6981
356.60126,24.85,652
360.60965,24.85,81
362.61384,24.85,159
364.61804,24.85,229
366.62223,24.85,746
368.62643,24.85,5176
370.63063,24.85,224
372.63482,24.85,582
374.63902,24.85,128
378.64741,24.85,68
382.65580,24.85,49
384.66000,24.85,196
392.67678,24.85,47
400.69356,24.85,235
410.71454,24.85,201
420.73552,24.85,491
422.73972,24.85,122
426.74811,24.85,71
428.75230,24.85,22
434.76489,24.85,156
440.77748,24.85,263
442.78167,24.85,2255
444.78587,24.85,434
448.79426,24.85,107
456.81104,24.85,76
468.83622,24.85,669
470.84041,24.85,50
472.84461,24.85,92
474.84881,24.85,88
528.96209,24.85,3541
530.96629,24.85,222
549.00405,24.85,21
555.01664,24.85,22
599.10894,24.85,65
601.11314,24.85,24
611.13412,24.85,23
615.14251,24.85,166
629.17188,24.85,66
631.17608,24.85,1323
633.18027,24.85,74
681.28097,24.85,91
689.29775,24.85,132
695.31034,24.85,509
59.98028,25.02,48
116.09776,25.02,1457
118.10196,25.02,21
140.14811,25.02,24712
206.28657,25.02,23
218.31175,25.02,111
222.32014,25.02,23
254.38727,25.02,728
256.39147,25.02,95
258.39566,25.02,59
276.43342,25.02,22
278.43762,25.02,866
280.44182,25.02,1543
282.44601,25.02,194
292.46699,25.02,1151
294.47119,25.02,1540
296.47538,25.02,4447
298.47958,25.02,488
300.48377,25.02,305
302.48797,25.02,23331
304.49216,25.02,5882
306.49636,25.02,764
308.50056,25.02,2108
310.50475,25.02,205242
312.50895,25.02,34834
314.51314,25.02,1533
316.51734,25.02,586
318.52154,25.02,8333
320.52573,25.02,1100
322.52993,25.02,1994
324.53412,25.02,348873
326.53832,25.02,60524
328.54251,25.02,24791
330.54671,25.02,45036
332.55091,25.02,10185
334.55510,25.02,4444
336.55930,25.02,4228
338.56349,25.02,323711
340.56769,25.02,66667
342.57188,25.02,5321
344.57608,25.02,672
346.58028,25.02,3009
348.58447,25.02,562
350.58867,25.02,5031
352.59286,25.02,7262
354.59706,25.02,7522
356.60126,25.02,665
360.60965,25.02,97
364.61804,25.02,21
366.62223,25.02,1513
368.62643,25.02,8357
370.63063,25.02,389
372.63482,25.02,47
378.64741,25.02,23
384.66000,25.02,786
392.67678,25.02,53
394.68097,25.02,24
412.71874,25.02,23
420.73552,25.02,375
422.73972,25.02,75
426.74811,25.02,193
428.75230,25.02,47
434.76489,25.02,48
442.78167,25.02,311
444.78587,25.02,490
448.79426,25.02,108
456.81104,25.02,151
460.81944,25.02,310
468.83622,25.02,2270
470.84041,25.02,298
474.84881,25.02,67
528.96209,25.02,4737
530.96629,25.02,323
599.10894,25.02,148
601.11314,25.02,24
611.13412,25.02,23
615.14251,25.02,89
629.17188,25.02,92
631.17608,25.02,650
633.18027,25.02,151
651.21803,25.02,86
681.28097,25.02,263
689.29775,25.02,96
695.31034,25.02,375
59.98028,25.18,24
116.09776,25.18,1704
140.14811,25.18,24655
218.31175,25.18,68
222.32014,25.18,26
254.38727,25.18,577
256.39147,25.18,74
258.39566,25.18,48
278.43762,25.18,981
280.44182,25.18,1433
282.44601,25.18,303
292.46699,25.18,402
294.47119,25.18,2672
296.47538,25.18,1126
298.47958,25.18,30
300.48377,25.18,290
302.48797,25.18,16972
304.49216,25.18,3389
306.49636,25.18,338
308.50056,25.18,1574
310.50475,25.18,237811
312.50895,25.18,41180
314.51314,25.18,1576
316.51734,25.18,335
318.52154,25.18,9300
320.52573,25.18,1291
322.52993,25.18,2958
324.53412,25.18,303821
326.53832,25.18,53969
328.54251,25.18,22955
330.54671,25.18,47017
332.55091,25.18,11079
334.55510,25.18,2421
336.55930,25.18,6970
338.56349,25.18,266778
340.56769,25.18,53754
342.57188,25.18,5679
344.57608,25.18,768
346.58028,25.18,2247
348.58447,25.18,381
350.58867,25.18,3352
352.59286,25.18,6736
354.59706,25.18,7456
356.60126,25.18,516
360.60965,25.18,218
362.61384,25.18,287
364.61804,25.18,126
366.62223,25.18,1907
368.62643,25.18,11544
370.63063,25.18,777
372.63482,25.18,27
376.64321,25.18,170
384.66000,25.18,1802
390.67258,25.18,27
394.68097,25.18,141
396.68517,25.18,21
398.68937,25.18,32
412.71874,25.18,105
420.73552,25.18,178
422.73972,25.18,30
426.74811,25.18,227
428.75230,25.18,113
434.76489,25.18,48
442.78167,25.18,71
444.78587,25.18,205
448.79426,25.18,35
456.81104,25.18,185
458.81524,25.18,111
460.81944,25.18,1281
462.82363,25.18,78
468.83622,25.18,4480
470.84041,25.18,731
528.96209,25.18,4534
530.96629,25.18,294
599.10894,25.18,182
615.14251,25.18,21
625.16349,25.18,27
627.16768,25.18,25
629.17188,25.18,54
631.17608,25.18,274
633.18027,25.18,208
645.20545,25.18,23
651.21803,25.18,64
669.25580,25.18,164
681.28097,25.18,373
695.31034,25.18,172
61.98448,25.35,48
116.09776,25.35,2216
140.14811,25.35,24943
218.31175,25.35,56
222.32014,25.35,26
254.38727,25.35,439
256.39147,25.35,24
258.39566,25.35,28
264.40825,25.35,22
278.43762,25.35,948
280.44182,25.35,1465
282.44601,25.35,314
292.46699,25.35,28
294.47119,25.35,3309
296.47538,25.35,759
298.47958,25.35,23
300.48377,25.35,252
302.48797,25.35,11116
304.49216,25.35,2216
306.49636,25.35,144
308.50056,25.35,1437
310.50475,25.35,249585
312.50895,25.35,44218
314.51314,25.35,1750
316.51734,25.35,156
318.52154,25.35,10273
320.52573,25.35,1526
322.52993,25.35,3538
324.53412,25.35,293383
326.53832,25.35,54358
328.54251,25.35,18173
330.54671,25.35,42396
332.55091,25.35,9954
334.55510,25.35,1127
336.55930,25.35,9102
338.56349,25.35,203916
340.56769,25.35,39808
342.57188,25.35,4841
344.57608,25.35,568
346.58028,25.35,1401
348.58447,25.35,174
350.58867,25.35,1838
352.59286,25.35,7670
354.59706,25.35,6598
356.60126,25.35,382
358.60545,25.35,373
360.60965,25.35,713
362.61384,25.35,1789
364.61804,25.35,508
366.62223,25.35,1915
368.62643,25.35,13074
370.63063,25.35,1383
372.63482,25.35,142
374.63902,25.35,21
376.64321,25.35,467
380.65160,25.35,792
382.65580,25.35,175
384.66000,25.35,4342
386.66419,25.35,720
388.66839,25.35,129
390.67258,25.35,69
392.67678,25.35,96
394.68097,25.35,132
396.68517,25.35,29
398.68937,25.35,86
402.69776,25.35,27
406.70615,25.35,25
412.71874,25.35,123
420.73552,25.35,34
426.74811,25.35,201
428.75230,25.35,67
438.77328,25.35,44
444.78587,25.35,24
448.79426,25.35,35
456.81104,25.35,110
458.81524,25.35,536
460.81944,25.35,3298
462.82363,25.35,483
468.83622,25.35,8101
470.84041,25.35,1542
472.84461,25.35,26
484.86978,25.35,2574
486.87398,25.35,630
488.87818,25.35,26
528.96209,25.35,2783
530.96629,25.35,180
571.05020,25.35,27
599.10894,25.35,154
607.12573,25.35,28
623.15929,25.35,52
625.16349,25.35,21
627.16768,25.35,22
629.17188,25.35,27
631.17608,25.35,36
633.18027,25.35,71
639.19286,25.35,21
643.20125,25.35,91
645.20545,25.35,23
647.20964,25.35,78
661.23901,25.35,55
669.25580,25.35,625
681.28097,25.35,660
695.31034,25.35,44
745.41523,25.35,109
61.98448,25.52,93
116.09776,25.52,1887
140.14811,25.52,22879
254.38727,25.52,74
264.40825,25.52,22
278.43762,25.52,517
280.44182,25.52,1414
282.44601,25.52,339
294.47119,25.52,1589
296.47538,25.52,479
300.48377,25.52,86
302.48797,25.52,4740
304.49216,25.52,913
308.50056,25.52,686
310.50475,25.52,138573
312.50895,25.52,25494
314.51314,25.52,1574
316.51734,25.52,171
318.52154,25.52,8223
320.52573,25.52,1255
322.52993,25.52,2593
324.53412,25.52,290729
326.53832,25.52,56243
328.54251,25.52,9633
330.54671,25.52,25655
332.55091,25.52,5532
334.55510,25.52,139
336.55930,25.52,6812
338.56349,25.52,141661
340.56769,25.52,26444
342.57188,25.52,1086
344.57608,25.52,446
346.58028,25.52,1131
348.58447,25.52,33
350.58867,25.52,497
352.59286,25.52,8986
354.59706,25.52,3650
356.60126,25.52,275
358.60545,25.52,596
360.60965,25.52,2260
362.61384,25.52,2435
364.61804,25.52,440
366.62223,25.52,769
368.62643,25.52,10971
370.63063,25.52,1117
372.63482,25.52,115
374.63902,25.52,140
376.64321,25.52,473
380.65160,25.52,2354
382.65580,25.52,1026
384.66000,25.52,9605
386.66419,25.52,2471
388.66839,25.52,522
390.67258,25.52,62
392.67678,25.52,295
394.68097,25.52,69
396.68517,25.52,34
398.68937,25.52,34
400.69356,25.52,22
402.69776,25.52,51
410.71454,25.52,58
420.73552,25.52,89
426.74811,25.52,75
434.76489,25.52,67
444.78587,25.52,24
452.80265,25.52,23
458.81524,25.52,639
460.81944,25.52,2861
462.82363,25.52,433
468.83622,25.52,8231
470.84041,25.52,1611
472.84461,25.52,55
484.86978,25.52,10932
486.87398,25.52,2919
488.87818,25.52,195
528.96209,25.52,158
605.12153,25.52,23
615.14251,25.52,22
623.15929,25.52,59
629.17188,25.52,25
631.17608,25.52,74
639.19286,25.52,22
643.20125,25.52,118
647.20964,25.52,229
661.23901,25.52,162
669.25580,25.52,730
681.28097,25.52,904
745.41523,25.52,443
61.98448,25.69,68
116.09776,25.69,1380
140.14811,25.69,20770
202.27818,25.69,72
254.38727,25.69,176
256.39147,25.69,213
258.39566,25.69,57
278.43762,25.69,692
280.44182,25.69,1401
282.44601,25.69,318
290.46279,25.69,22
294.47119,25.69,533
296.47538,25.69,545
300.48377,25.69,21
302.48797,25.69,3725
304.49216,25.69,678
308.50056,25.69,260
310.50475,25.69,68416
312.50895,25.69,12417
314.51314,25.69,1265
316.51734,25.69,79
318.52154,25.69,5360
320.52573,25.69,759
322.52993,25.69,1942
324.53412,25.69,276644
326.53832,25.69,53488
328.54251,25.69,7264
330.54671,25.69,18546
332.55091,25.69,3883
334.55510,25.69,61
336.55930,25.69,4897
338.56349,25.69,144982
340.56769,25.69,28624
342.57188,25.69,705
344.57608,25.69,365
346.58028,25.69,775
350.58867,25.69,176
352.59286,25.69,9036
354.59706,25.69,2153
356.60126,25.69,142
358.60545,25.69,628
360.60965,25.69,6123
362.61384,25.69,2542
364.61804,25.69,1403
366.62223,25.69,18989
368.62643,25.69,37424
370.63063,25.69,5583
372.63482,25.69,91
374.63902,25.69,248
376.64321,25.69,2433
378.64741,25.69,1067
380.65160,25.69,6423
382.65580,25.69,3795
384.66000,25.69,29617
386.66419,25.69,9374
388.66839,25.69,1862
390.67258,25.69,137
392.67678,25.69,429
394.68097,25.69,190
396.68517,25.69,1345
398.68937,25.69,99
400.69356,25.69,74
402.69776,25.69,94
406.70615,25.69,273
408.71035,25.69,52
410.71454,25.69,466
420.73552,25.69,219
426.74811,25.69,27
428.75230,25.69,105
434.76489,25.69,253
452.80265,25.69,23
458.81524,25.69,621
460.81944,25.69,1755
462.82363,25.69,247
468.83622,25.69,6719
470.84041,25.69,1213
472.84461,25.69,33
482.86559,25.69,53
484.86978,25.69,53957
486.87398,25.69,14191
488.87818,25.69,1368
504.91174,25.69,22
510.92433,25.69,62
528.96209,25.69,51
534.97468,25.69,21
573.05440,25.69,954
615.14251,25.69,22
623.15929,25.69,59
625.16349,25.69,27
629.17188,25.69,27
631.17608,25.69,148
637.18866,25.69,25
639.19286,25.69,57
643.20125,25.69,158
645.20545,25.69,21
647.20964,25.69,293
659.23482,25.69,23
661.23901,25.69,158
665.24740,25.69,53
669.25580,25.69,500
681.28097,25.69,1227
745.41523,25.69,1106
61.98448,25.85,109
116.09776,25.85,1600
140.14811,25.85,19849
202.27818,25.85,23
254.38727,25.85,176
256.39147,25.85,213
258.39566,25.85,80
278.43762,25.85,821
280.44182,25.85,1388
282.44601,25.85,188
290.46279,25.85,22
296.47538,25.85,674
302.48797,25.85,2559
304.49216,25.85,371
310.50475,25.85,7175
312.50895,25.85,718
314.51314,25.85,305
318.52154,25.85,875
320.52573,25.85,64
322.52993,25.85,1318
324.53412,25.85,261879
326.53832,25.85,48877
328.54251,25.85,4246
330.54671,25.85,9392
332.55091,25.85,2054
336.55930,25.85,5104
338.56349,25.85,133422
340.56769,25.85,26403
342.57188,25.85,666
344.57608,25.85,135
346.58028,25.85,268
350.58867,25.85,126
352.59286,25.85,6833
354.59706,25.85,778
356.60126,25.85,138
358.60545,25.85,207
360.60965,25.85,5963
362.61384,25.85,4545
364.61804,25.85,1778
366.62223,25.85,48825
368.62643,25.85,65291
370.63063,25.85,10740
372.63482,25.85,298
374.63902,25.85,186
376.64321,25.85,4095
378.64741,25.85,1920
380.65160,25.85,6388
382.65580,25.85,3876
384.66000,25.85,31945
386.66419,25.85,11343
388.66839,25.85,2211
390.67258,25.85,77
392.67678,25.85,661
394.68097,25.85,185
396.68517,25.85,3537
398.68937,25.85,390
400.69356,25.85,94
402.69776,25.85,142
406.70615,25.85,480
408.71035,25.85,317
410.71454,25.85,754
420.73552,25.85,395
422.73972,25.85,30
426.74811,25.85,90
428.75230,25.85,90
434.76489,25.85,194
454.80685,25.85,152
458.81524,25.85,240
460.81944,25.85,451
468.83622,25.85,2350
470.84041,25.85,456
472.84461,25.85,28
482.86559,25.85,95
484.86978,25.85,73739
486.87398,25.85,19309
488.87818,25.85,1880
510.92433,25.85,145
534.97468,25.85,84
573.05440,25.85,1872
625.16349,25.85,27
631.17608,25.85,43
639.19286,25.85,49
641.19705,25.85,21
643.20125,25.85,103
647.20964,25.85,87
651.21803,25.85,24
657.23062,25.85,50
659.23482,25.85,27
661.23901,25.85,96
665.24740,25.85,35
669.25580,25.85,29
675.26838,25.85,47
681.28097,25.85,1239
731.38586,25.85,44
745.41523,25.85,948
61.98448,26.02,82
116.09776,26.02,1355
140.14811,26.02,19148
258.39566,26.02,169
278.43762,26.02,736
280.44182,26.02,1051
282.44601,26.02,139
296.47538,26.02,657
302.48797,26.02,2223
304.49216,26.02,242
310.50475,26.02,2473
312.50895,26.02,54
318.52154,26.02,112
322.52993,26.02,1240
324.53412,26.02,252387
326.53832,26.02,47976
328.54251,26.02,3221
330.54671,26.02,6548
332.55091,26.02,1432
336.55930,26.02,4791
338.56349,26.02,117957
340.56769,26.02,23184
342.57188,26.02,579
346.58028,26.02,79
350.58867,26.02,114
352.59286,26.02,6034
354.59706,26.02,806
356.60126,26.02,112
358.60545,26.02,63
360.60965,26.02,4325
362.61384,26.02,7271
364.61804,26.02,1863
366.62223,26.02,83137
368.62643,26.02,86216
370.63063,26.02,14607
372.63482,26.02,420
374.63902,26.02,148
376.64321,26.02,5055
378.64741,26.02,2172
380.65160,26.02,4542
382.65580,26.02,2829
384.66000,26.02,25861
386.66419,26.02,10112
388.66839,26.02,1958
390.67258,26.02,85
392.67678,26.02,1364
394.68097,26.02,200
396.68517,26.02,6195
398.68937,26.02,924
400.69356,26.02,122
402.69776,26.02,450
406.70615,26.02,527
408.71035,26.02,875
410.71454,26.02,766
414.72293,26.02,26
420.73552,26.02,580
422.73972,26.02,30
424.74391,26.02,33
426.74811,26.02,216
428.75230,26.02,88
434.76489,26.02,93
454.80685,26.02,330
456.81104,26.02,30
458.81524,26.02,54
460.81944,26.02,286
468.83622,26.02,924
470.84041,26.02,199
472.84461,26.02,25
482.86559,26.02,89
484.86978,26.02,75492
486.87398,26.02,19797
488.87818,26.02,1785
510.92433,26.02,72
512.92853,26.02,37
534.97468,26.02,77
573.05440,26.02,2532
629.17188,26.02,27
643.20125,26.02,21
647.20964,26.02,49
651.21803,26.02,24
657.23062,26.02,153
659.23482,26.02,25
661.23901,26.02,163
665.24740,26.02,24
675.26838,26.02,253
679.27677,26.02,26
681.28097,26.02,1127
731.38586,26.02,190
745.41523,26.02,563
116.09776,26.19,1263
140.14811,26.19,19962
206.28657,26.19,38
254.38727,26.19,3229
258.39566,26.19,312
276.43342,26.19,22
278.43762,26.19,463
280.44182,26.19,832
282.44601,26.19,204
290.46279,26.19,21
294.47119,26.19,66
296.47538,26.19,541
302.48797,26.19,1957
304.49216,26.19,208
310.50475,26.19,2147
312.50895,26.19,58
322.52993,26.19,1073
324.53412,26.19,213192
326.53832,26.19,40760
328.54251,26.19,2445
330.54671,26.19,4567
332.55091,26.19,945
336.55930,26.19,4300
338.56349,26.19,135822
340.56769,26.19,26161
342.57188,26.19,661
346.58028,26.19,37
350.58867,26.19,154
352.59286,26.19,5564
354.59706,26.19,523
356.60126,26.19,26
360.60965,26.19,2223
362.61384,26.19,8240
364.61804,26.19,1771
366.62223,26.19,100812
368.62643,26.19,90198
370.63063,26.19,14828
372.63482,26.19,352
374.63902,26.19,212
376.64321,26.19,5083
378.64741,26.19,1820
380.65160,26.19,2146
382.65580,26.19,1451
384.66000,26.19,16177
386.66419,26.19,6576
388.66839,26.19,3297
390.67258,26.19,360
392.67678,26.19,1768
394.68097,26.19,678
396.68517,26.19,7662
398.68937,26.19,4032
400.69356,26.19,557
402.69776,26.19,1167
404.70195,26.19,69
406.70615,26.19,690
408.71035,26.19,1946
410.71454,26.19,2502
412.71874,26.19,359
414.72293,26.19,45
416.72713,26.19,49
418.73132,26.19,334
420.73552,26.19,549
422.73972,26.19,77
424.74391,26.19,38
426.74811,26.19,293
428.75230,26.19,63
430.75650,26.19,428
432.76069,26.19,113
434.76489,26.19,92
448.79426,26.19,245
452.80265,26.19,60
454.80685,26.19,580
456.81104,26.19,209
458.81524,26.19,59
460.81944,26.19,24
464.82783,26.19,23
468.83622,26.19,228
470.84041,26.19,469
472.84461,26.19,78
484.86978,26.19,57620
486.87398,26.19,15072
488.87818,26.19,1232
506.91594,26.19,100
512.92853,26.19,102
516.93692,26.19,25
534.97468,26.19,22
573.05440,26.19,2438
589.08796,26.19,602
647.20964,26.19,22
657.23062,26.19,265
659.23482,26.19,23
661.23901,26.19,133
675.26838,26.19,460
679.27677,26.19,111
681.28097,26.19,981
693.30614,26.19,68
731.38586,26.19,661
745.41523,26.19,237
795.52013,26.19,55
116.09776,26.35,732
140.14811,26.35,17757
206.28657,26.35,26
254.38727,26.35,3229
258.39566,26.35,220
276.43342,26.35,22
278.43762,26.35,632
280.44182,26.35,411
282.44601,26.35,162
294.47119,26.35,108
296.47538,26.35,312
302.48797,26.35,1743
304.49216,26.35,133
310.50475,26.35,1832
312.50895,26.35,136
322.52993,26.35,729
324.53412,26.35,76207
326.53832,26.35,13258
328.54251,26.35,1470
330.54671,26.35,2522
332.55091,26.35,476
336.55930,26.35,2851
338.56349,26.35,149322
340.56769,26.35,29169
342.57188,26.35,811
346.58028,26.35,42
350.58867,26.35,71
352.59286,26.35,2536
354.59706,26.35,55
360.60965,26.35,170
362.61384,26.35,4291
364.61804,26.35,1435
366.62223,26.35,61813
368.62643,26.35,48927
370.63063,26.35,7693
372.63482,26.35,217
374.63902,26.35,80
376.64321,26.35,2916
378.64741,26.35,1592
380.65160,26.35,292
382.65580,26.35,398
384.66000,26.35,5517
386.66419,26.35,2289
388.66839,26.35,3653
390.67258,26.35,985
392.67678,26.35,1747
394.68097,26.35,891
396.68517,26.35,4528
398.68937,26.35,4557
400.69356,26.35,791
402.69776,26.35,1184
404.70195,26.35,48
406.70615,26.35,966
408.71035,26.35,4545
410.71454,26.35,4809
412.71874,26.35,778
414.72293,26.35,212
416.72713,26.35,130
418.73132,26.35,756
420.73552,26.35,159
422.73972,26.35,227
424.74391,26.35,152
426.74811,26.35,273
428.75230,26.35,75
430.75650,26.35,833
432.76069,26.35,203
448.79426,26.35,1919
452.80265,26.35,117
454.80685,26.35,483
456.81104,26.35,265
458.81524,26.35,81
470.84041,26.35,642
472.84461,26.35,117
484.86978,26.35,12972
486.87398,26.35,3087
488.87818,26.35,180
506.91594,26.35,310
510.92433,26.35,21
512.92853,26.35,61
549.00405,26.35,26
573.05440,26.35,875
589.08796,26.35,1241
623.15929,26.35,24
651.21803,26.35,45
657.23062,26.35,94
661.23901,26.35,90
669.25580,26.35,21
671.25999,26.35,22
673.26419,26.35,52
675.26838,26.35,224
679.27677,26.35,172
681.28097,26.35,484
689.29775,26.35,22
693.30614,26.35,181
731.38586,26.35,991
795.52013,26.35,392
116.09776,26.52,810
140.14811,26.52,14738
198.26979,26.52,21
254.38727,26.52,2331
256.39147,26.52,50
258.39566,26.52,108
264.40825,26.52,74
276.43342,26.52,22
278.43762,26.52,771
280.44182,26.52,602
282.44601,26.52,288
294.47119,26.52,38
296.47538,26.52,411
302.48797,26.52,1837
304.49216,26.52,89
310.50475,26.52,1676
312.50895,26.52,84
322.52993,26.52,506
324.53412,26.52,29319
326.53832,26.52,4466
328.54251,26.52,1099
330.54671,26.52,1833
332.55091,26.52,359
336.55930,26.52,2044
338.56349,26.52,141631
340.56769,26.52,28559
342.57188,26.52,818
346.58028,26.52,53
352.59286,26.52,1240
354.59706,26.52,80
362.61384,26.52,1788
364.61804,26.52,1232
366.62223,26.52,30809
368.62643,26.52,25661
370.63063,26.52,3982
372.63482,26.52,132
374.63902,26.52,53
376.64321,26.52,2031
378.64741,26.52,1305
380.65160,26.52,1426
382.65580,26.52,609
384.66000,26.52,3982
386.66419,26.52,1140
388.66839,26.52,2980
390.67258,26.52,2571
392.67678,26.52,1706
394.68097,26.52,700
396.68517,26.52,2059
398.68937,26.52,3678
400.69356,26.52,845
402.69776,26.52,1012
406.70615,26.52,948
408.71035,26.52,18337
410.71454,26.52,6195
412.71874,26.52,4230
414.72293,26.52,1002
416.72713,26.52,353
418.73132,26.52,2044
420.73552,26.52,161
422.73972,26.52,743
424.74391,26.52,303
426.74811,26.52,361
428.75230,26.52,27
430.75650,26.52,1209
432.76069,26.52,350
434.76489,26.52,97
446.79006,26.52,367
448.79426,26.52,15414
450.79846,26.52,299
452.80265,26.52,91
454.80685,26.52,270
456.81104,26.52,230
458.81524,26.52,58
464.82783,26.52,172
470.84041,26.52,626
472.84461,26.52,121
484.86978,26.52,3496
486.87398,26.52,5140
506.91594,26.52,470
508.92013,26.52,23
510.92433,26.52,632
512.92853,26.52,34
528.96209,26.52,83
534.97468,26.52,29
549.00405,26.52,59
573.05440,26.52,279
589.08796,26.52,1813
591.09216,26.52,22
657.23062,26.52,67
661.23901,26.52,66
669.25580,26.52,44
671.25999,26.52,124
673.26419,26.52,77
675.26838,26.52,121
677.27258,26.52,21
679.27677,26.52,148
681.28097,26.52,214
687.29356,26.52,46
689.29775,26.52,59
691.30195,26.52,55
693.30614,26.52,49
695.31034,26.52,49
705.33132,26.52,25
707.33551,26.52,26
731.38586,26.52,1465
795.52013,26.52,1885
61.98448,26.69,25
116.09776,26.69,627
140.14811,26.69,11388
198.26979,26.69,21
254.38727,26.69,2358
256.39147,26.69,50
258.39566,26.69,170
264.40825,26.69,30
278.43762,26.69,771
280.44182,26.69,573
282.44601,26.69,288
296.47538,26.69,331
302.48797,26.69,1705
304.49216,26.69,123
310.50475,26.69,1439
312.50895,26.69,26
322.52993,26.69,30
324.53412,26.69,2730
326.53832,26.69,890
328.54251,26.69,597
330.54671,26.69,758
332.55091,26.69,163
336.55930,26.69,1100
338.56349,26.69,89416
340.56769,26.69,17550
342.57188,26.69,443
352.59286,26.69,840
354.59706,26.69,110
362.61384,26.69,121
364.61804,26.69,1019
366.62223,26.69,3180
368.62643,26.69,4126
370.63063,26.69,451
376.64321,26.69,509
378.64741,26.69,338
380.65160,26.69,2336
382.65580,26.69,392
384.66000,26.69,1168
386.66419,26.69,406
388.66839,26.69,726
390.67258,26.69,2621
392.67678,26.69,1338
394.68097,26.69,387
396.68517,26.69,809
398.68937,26.69,938
400.69356,26.69,1017
402.69776,26.69,195
404.70195,26.69,25
406.70615,26.69,510
408.71035,26.69,22777
410.71454,26.69,5424
412.71874,26.69,6465
414.72293,26.69,1453
416.72713,26.69,260
418.73132,26.69,2042
420.73552,26.69,159
422.73972,26.69,1147
424.74391,26.69,520
426.74811,26.69,130
428.75230,26.69,206
430.75650,26.69,1166
432.76069,26.69,1824
434.76489,26.69,321
446.79006,26.69,617
448.79426,26.69,24451
450.79846,26.69,611
452.80265,26.69,68
454.80685,26.69,211
456.81104,26.69,129
458.81524,26.69,50
460.81944,26.69,47
464.82783,26.69,712
470.84041,26.69,120
486.87398,26.69,5480
494.89076,26.69,136
506.91594,26.69,249
508.92013,26.69,25
510.92433,26.69,1064
512.92853,26.69,228
528.96209,26.69,209
530.96629,26.69,46
549.00405,26.69,25
589.08796,26.69,1245
591.09216,26.69,29
659.23482,26.69,23
661.23901,26.69,21
671.25999,26.69,149
673.26419,26.69,53
675.26838,26.69,21
681.28097,26.69,47
685.28936,26.69,51
687.29356,26.69,54
689.29775,26.69,257
695.31034,26.69,44
707.33551,26.69,92
731.38586,26.69,1563
795.52013,26.69,2099
61.98448,26.85,25
116.09776,26.85,379
140.14811,26.85,8951
254.38727,26.85,633
258.39566,26.85,208
282.44601,26.85,288
296.47538,26.85,328
302.48797,26.85,1416
304.49216,26.85,85
310.50475,26.85,1254
324.53412,26.85,1840
326.53832,26.85,747
328.54251,26.85,424
330.54671,26.85,557
332.55091,26.85,97
336.55930,26.85,896
338.56349,26.85,61218
340.56769,26.85,11137
342.57188,26.85,277
352.59286,26.85,923
354.59706,26.85,89
362.61384,26.85,21
364.61804,26.85,705
366.62223,26.85,1559
368.62643,26.85,1971
370.63063,26.85,356
376.64321,26.85,211
378.64741,26.85,519
380.65160,26.85,3241
382.65580,26.85,267
384.66000,26.85,1185
386.66419,26.85,301
388.66839,26.85,176
390.67258,26.85,1889
392.67678,26.85,1137
394.68097,26.85,348
396.68517,26.85,366
398.68937,26.85,164
400.69356,26.85,1041
402.69776,26.85,65
404.70195,26.85,193
406.70615,26.85,585
408.71035,26.85,20837
410.71454,26.85,5668
412.71874,26.85,7195
414.72293,26.85,1547
416.72713,26.85,175
418.73132,26.85,1471
420.73552,26.85,285
422.73972,26.85,2077
424.74391,26.85,671
426.74811,26.85,336
428.75230,26.85,1013
430.75650,26.85,1195
432.76069,26.85,4917
434.76489,26.85,801
436.76909,26.85,45
442.78167,26.85,68
446.79006,26.85,732
448.79426,26.85,28595
450.79846,26.85,828
452.80265,26.85,214
454.80685,26.85,73
456.81104,26.85,69
458.81524,26.85,127
460.81944,26.85,51
464.82783,26.85,1993
466.83202,26.85,45
470.84041,26.85,58
486.87398,26.85,1885
488.87818,26.85,93
494.89076,26.85,291
496.89496,26.85,94
506.91594,26.85,87
508.92013,26.85,41
510.92433,26.85,1289
512.92853,26.85,309
516.93692,26.85,79
528.96209,26.85,421
530.96629,26.85,175
542.99146,26.85,878
544.99566,26.85,149
549.00405,26.85,85
551.00824,26.85,22
589.08796,26.85,710
659.23482,26.85,23
671.25999,26.85,52
675.26838,26.85,47
681.28097,26.85,47
685.28936,26.85,21
687.29356,26.85,22
689.29775,26.85,192
693.30614,26.85,25
705.33132,26.85,55
707.33551,26.85,98
731.38586,26.85,1589
795.52013,26.85,1699
61.98448,27.02,43
116.09776,27.02,737
140.14811,27.02,11655
222.32014,27.02,34
244.36629,27.02,28
254.38727,27.02,253
256.39147,27.02,54
258.39566,27.02,114
264.40825,27.02,105
282.44601,27.02,177
290.46279,27.02,67
296.47538,27.02,224
302.48797,27.02,829
304.49216,27.02,46
310.50475,27.02,926
324.53412,27.02,2415
326.53832,27.02,499
328.54251,27.02,290
330.54671,27.02,558
332.55091,27.02,71
336.55930,27.02,888
338.56349,27.02,36292
340.56769,27.02,6022
342.57188,27.02,139
352.59286,27.02,1031
354.59706,27.02,69
364.61804,27.02,465
366.62223,27.02,705
368.62643,27.02,1837
370.63063,27.02,339
374.63902,27.02,27
376.64321,27.02,106
378.64741,27.02,570
380.65160,27.02,4035
382.65580,27.02,620
384.66000,27.02,950
386.66419,27.02,133
388.66839,27.02,22
390.67258,27.02,1469
392.67678,27.02,681
394.68097,27.02,287
396.68517,27.02,628
398.68937,27.02,75
400.69356,27.02,1378
402.69776,27.02,479
404.70195,27.02,316
406.70615,27.02,641
408.71035,27.02,15615
410.71454,27.02,4544
412.71874,27.02,6234
414.72293,27.02,1237
416.72713,27.02,447
418.73132,27.02,808
420.73552,27.02,5219
422.73972,27.02,6697
424.74391,27.02,2929
426.74811,27.02,1344
428.75230,27.02,4376
430.75650,27.02,1982
432.76069,27.02,11174
434.76489,27.02,3430
436.76909,27.02,372
438.77328,27.02,51
440.77748,27.02,240
442.78167,27.02,68
444.78587,27.02,182
446.79006,27.02,487
448.79426,27.02,25030
450.79846,27.02,729
452.80265,27.02,349
454.80685,27.02,23
458.81524,27.02,120
460.81944,27.02,51
464.82783,27.02,4644
466.83202,27.02,192
470.84041,27.02,610
486.87398,27.02,1346
488.87818,27.02,570
490.88237,27.02,29
494.89076,27.02,397
496.89496,27.02,209
508.92013,27.02,125
510.92433,27.02,1168
512.92853,27.02,274
516.93692,27.02,79
526.95790,27.02,21
528.96209,27.02,474
530.96629,27.02,460
532.97048,27.02,82
542.99146,27.02,10469
544.99566,27.02,2498
549.00405,27.02,56
555.01664,27.02,25
589.08796,27.02,281
675.26838,27.02,22
687.29356,27.02,57
689.29775,27.02,28
693.30614,27.02,60
701.32293,27.02,68
703.32712,27.02,21
705.33132,27.02,55
707.33551,27.02,60
731.38586,27.02,1462
781.49076,27.02,74
795.52013,27.02,897
61.98448,27.19,82
116.09776,27.19,495
140.14811,27.19,13307
222.32014,27.19,34
244.36629,27.19,68
254.38727,27.19,286
256.39147,27.19,101
258.39566,27.19,42
264.40825,27.19,52
290.46279,27.19,46
296.47538,27.19,77
300.48377,27.19,59
302.48797,27.19,315
310.50475,27.19,392
312.50895,27.19,52
324.53412,27.19,2527
326.53832,27.19,247
328.54251,27.19,105
330.54671,27.19,620
336.55930,27.19,501
338.56349,27.19,6520
340.56769,27.19,987
352.59286,27.19,582
354.59706,27.19,24
364.61804,27.19,296
366.62223,27.19,385
368.62643,27.19,700
370.63063,27.19,128
374.63902,27.19,27
378.64741,27.19,197
380.65160,27.19,3137
382.65580,27.19,464
384.66000,27.19,161
386.66419,27.19,314
388.66839,27.19,56
390.67258,27.19,967
392.67678,27.19,213
394.68097,27.19,626
396.68517,27.19,2307
398.68937,27.19,426
400.69356,27.19,1531
402.69776,27.19,1506
404.70195,27.19,142
406.70615,27.19,402
408.71035,27.19,5090
410.71454,27.19,1578
412.71874,27.19,1611
414.72293,27.19,252
416.72713,27.19,472
418.73132,27.19,305
420.73552,27.19,19655
422.73972,27.19,9099
424.74391,27.19,3886
426.74811,27.19,1701
428.75230,27.19,5392
430.75650,27.19,2617
432.76069,27.19,10916
434.76489,27.19,7843
436.76909,27.19,1105
438.77328,27.19,126
440.77748,27.19,827
442.78167,27.19,157
444.78587,27.19,186
446.79006,27.19,34
448.79426,27.19,7650
450.79846,27.19,418
452.80265,27.19,328
454.80685,27.19,83
464.82783,27.19,4198
466.83202,27.19,131
468.83622,27.19,77
470.84041,27.19,816
476.85300,27.19,86
478.85720,27.19,55
480.86139,27.19,45
486.87398,27.19,1813
488.87818,27.19,824
490.88237,27.19,120
494.89076,27.19,168
496.89496,27.19,128
508.92013,27.19,134
510.92433,27.19,427
512.92853,27.19,28
526.95790,27.19,23
528.96209,27.19,354
530.96629,27.19,619
532.97048,27.19,140
542.99146,27.19,18050
544.99566,27.19,4630
546.99985,27.19,105
549.00405,27.19,121
555.01664,27.19,311
557.02083,27.19,59
701.32293,27.19,21
707.33551,27.19,23
731.38586,27.19,1391
751.42782,27.19,24
781.49076,27.19,253
795.52013,27.19,76
845.62502,27.19,92
59.98028,27.35,35
61.98448,27.35,58
116.09776,27.35,631
140.14811,27.35,13801
244.36629,27.35,57
254.38727,27.35,339
256.39147,27.35,142
258.39566,27.35,100
264.40825,27.35,56
290.46279,27.35,47
296.47538,27.35,240
300.48377,27.35,59
302.48797,27.35,1793
304.49216,27.35,63
310.50475,27.35,300
312.50895,27.35,90
324.53412,27.35,2528
326.53832,27.35,227
328.54251,27.35,86
330.54671,27.35,605
336.55930,27.35,244
338.56349,27.35,2265
340.56769,27.35,269
352.59286,27.35,239
354.59706,27.35,24
364.61804,27.35,197
366.62223,27.35,478
368.62643,27.35,658
370.63063,27.35,120
376.64321,27.35,85
378.64741,27.35,38
380.65160,27.35,1999
382.65580,27.35,205
384.66000,27.35,218
386.66419,27.35,900
388.66839,27.35,56
390.67258,27.35,471
392.67678,27.35,100
394.68097,27.35,1525
396.68517,27.35,13642
398.68937,27.35,2723
400.69356,27.35,1360
402.69776,27.35,3547
404.70195,27.35,535
406.70615,27.35,241
408.71035,27.35,2226
410.71454,27.35,768
412.71874,27.35,1122
414.72293,27.35,116
416.72713,27.35,687
418.73132,27.35,147
420.73552,27.35,79894
422.73972,27.35,16714
424.74391,27.35,3816
426.74811,27.35,1599
428.75230,27.35,5006
430.75650,27.35,3338
432.76069,27.35,8874
434.76489,27.35,14719
436.76909,27.35,12546
438.77328,27.35,2319
440.77748,27.35,3219
442.78167,27.35,778
444.78587,27.35,179
446.79006,27.35,1616
448.79426,27.35,2386
450.79846,27.35,153
452.80265,27.35,230
454.80685,27.35,619
456.81104,27.35,826
458.81524,27.35,111
464.82783,27.35,2732
466.83202,27.35,31
468.83622,27.35,297
470.84041,27.35,740
472.84461,27.35,58
476.85300,27.35,104
478.85720,27.35,399
480.86139,27.35,45
486.87398,27.35,1906
488.87818,27.35,872
490.88237,27.35,137
494.89076,27.35,36
496.89496,27.35,25
498.89915,27.35,1168
508.92013,27.35,27
510.92433,27.35,164
528.96209,27.35,289
530.96629,27.35,630
532.97048,27.35,123
534.97468,27.35,21
542.99146,27.35,23080
544.99566,27.35,6287
546.99985,27.35,253
549.00405,27.35,133
555.01664,27.35,1153
557.02083,27.35,313
697.31454,27.35,23
703.32712,27.35,24
705.33132,27.35,24
715.35230,27.35,43
717.35649,27.35,24
719.36069,27.35,51
721.36489,27.35,23
725.37328,27.35,22
731.38586,27.35,1285
781.49076,27.35,1191
845.62502,27.35,1911
59.98028,27.52,120
61.98448,27.52,24
116.09776,27.52,741
140.14811,27.52,10998
206.28657,27.52,27
254.38727,27.52,339
256.39147,27.52,53
258.39566,27.52,153
264.40825,27.52,43
280.44182,27.52,664
282.44601,27.52,78
290.46279,27.52,47
296.47538,27.52,203
302.48797,27.52,1529
304.49216,27.52,63
310.50475,27.52,161
312.50895,27.52,38
324.53412,27.52,1297
326.53832,27.52,166
330.54671,27.52,391
338.56349,27.52,900
340.56769,27.52,30
354.59706,27.52,23
364.61804,27.52,47
366.62223,27.52,352
368.62643,27.52,263
372.63482,27.52,63
374.63902,27.52,22
376.64321,27.52,50
380.65160,27.52,325
384.66000,27.52,517
386.66419,27.52,882
388.66839,27.52,142
390.67258,27.52,449
394.68097,27.52,1286
396.68517,27.52,19564
398.68937,27.52,3779
400.69356,27.52,583
402.69776,27.52,4314
404.70195,27.52,1323
406.70615,27.52,137
408.71035,27.52,174
410.71454,27.52,217
412.71874,27.52,1799
414.72293,27.52,335
416.72713,27.52,906
418.73132,27.52,344
420.73552,27.52,99798
422.73972,27.52,21747
424.74391,27.52,1670
426.74811,27.52,362
428.75230,27.52,1790
430.75650,27.52,2873
432.76069,27.52,3285
434.76489,27.52,13966
436.76909,27.52,25330
438.77328,27.52,4959
440.77748,27.52,3918
442.78167,27.52,950
444.78587,27.52,279
446.79006,27.52,3019
448.79426,27.52,936
450.79846,27.52,95
452.80265,27.52,2576
454.80685,27.52,1530
456.81104,27.52,2203
458.81524,27.52,320
464.82783,27.52,305
466.83202,27.52,65
468.83622,27.52,546
470.84041,27.52,254
472.84461,27.52,151
476.85300,27.52,105
478.85720,27.52,578
486.87398,27.52,777
488.87818,27.52,390
498.89915,27.52,2535
514.93272,27.52,107
528.96209,27.52,71
530.96629,27.52,218
534.97468,27.52,109
536.97887,27.52,61
542.99146,27.52,17264
544.99566,27.52,4646
546.99985,27.52,112
555.01664,27.52,1307
557.02083,27.52,360
697.31454,27.52,23
713.34810,27.52,21
715.35230,27.52,62
717.35649,27.52,24
721.36489,27.52,21
731.38586,27.52,665
781.49076,27.52,1732
845.62502,27.52,3351
59.98028,27.69,170
116.09776,27.69,996
140.14811,27.69,10050
254.38727,27.69,175
258.39566,27.69,204
264.40825,27.69,30
278.43762,27.69,1101
280.44182,27.69,1053
282.44601,27.69,78
292.46699,27.69,32
296.47538,27.69,43
324.53412,27.69,547
326.53832,27.69,81
330.54671,27.69,288
338.56349,27.69,854
340.56769,27.69,26
366.62223,27.69,220
368.62643,27.69,196
372.63482,27.69,94
374.63902,27.69,77
380.65160,27.69,49
384.66000,27.69,775
386.66419,27.69,615
388.66839,27.69,167
390.67258,27.69,481
392.67678,27.69,59
394.68097,27.69,962
396.68517,27.69,20663
398.68937,27.69,3850
400.69356,27.69,189
402.69776,27.69,4542
404.70195,27.69,2200
406.70615,27.69,237
408.71035,27.69,139
410.71454,27.69,560
412.71874,27.69,5352
414.72293,27.69,918
416.72713,27.69,1029
418.73132,27.69,568
420.73552,27.69,96270
422.73972,27.69,21502
424.74391,27.69,926
426.74811,27.69,195
428.75230,27.69,612
430.75650,27.69,2099
432.76069,27.69,1474
434.76489,27.69,10664
436.76909,27.69,37491
438.77328,27.69,7286
440.77748,27.69,3351
442.78167,27.69,1056
444.78587,27.69,308
446.79006,27.69,4205
448.79426,27.69,1821
450.79846,27.69,226
452.80265,27.69,12516
454.80685,27.69,2691
456.81104,27.69,3914
458.81524,27.69,707
460.81944,27.69,27
464.82783,27.69,145
466.83202,27.69,69
468.83622,27.69,925
470.84041,27.69,113
472.84461,27.69,162
476.85300,27.69,122
478.85720,27.69,644
480.86139,27.69,49
482.86559,27.69,29
486.87398,27.69,259
488.87818,27.69,150
490.88237,27.69,27
492.88657,27.69,31
494.89076,27.69,43
496.89496,27.69,137
498.89915,27.69,3760
500.90335,27.69,84
514.93272,27.69,399
530.96629,27.69,44
534.97468,27.69,174
536.97887,27.69,61
542.99146,27.69,10916
544.99566,27.69,2732
546.99985,27.69,29
555.01664,27.69,1232
557.02083,27.69,331
701.32293,27.69,21
713.34810,27.69,21
715.35230,27.69,24
717.35649,27.69,22
721.36489,27.69,21
731.38586,27.69,318
781.49076,27.69,1996
845.62502,27.69,3755
59.98028,27.85,189
116.09776,27.85,844
140.14811,27.85,10939
206.28657,27.85,31
254.38727,27.85,187
258.39566,27.85,146
264.40825,27.85,84
276.43342,27.85,28
278.43762,27.85,1101
280.44182,27.85,1474
282.44601,27.85,78
292.46699,27.85,32
296.47538,27.85,45
324.53412,27.85,263
326.53832,27.85,56
330.54671,27.85,206
338.56349,27.85,829
340.56769,27.85,61
366.62223,27.85,215
368.62643,27.85,347
372.63482,27.85,54
374.63902,27.85,114
382.65580,27.85,343
384.66000,27.85,865
386.66419,27.85,313
388.66839,27.85,114
390.67258,27.85,357
392.67678,27.85,175
394.68097,27.85,708
396.68517,27.85,16459
398.68937,27.85,3027
400.69356,27.85,78
402.69776,27.85,4546
404.70195,27.85,2583
406.70615,27.85,323
408.71035,27.85,731
410.71454,27.85,2570
412.71874,27.85,13456
414.72293,27.85,2327
416.72713,27.85,870
418.73132,27.85,896
420.73552,27.85,71526
422.73972,27.85,15989
424.74391,27.85,638
426.74811,27.85,1167
428.75230,27.85,229
430.75650,27.85,1303
432.76069,27.85,619
434.76489,27.85,6362
436.76909,27.85,41415
438.77328,27.85,7965
440.77748,27.85,1884
442.78167,27.85,732
444.78587,27.85,305
446.79006,27.85,4310
448.79426,27.85,3343
450.79846,27.85,884
452.80265,27.85,76077
454.80685,27.85,3571
456.81104,27.85,4977
458.81524,27.85,1203
460.81944,27.85,310
464.82783,27.85,381
466.83202,27.85,256
468.83622,27.85,1282
470.84041,27.85,60
472.84461,27.85,107
474.84881,27.85,43
476.85300,27.85,431
478.85720,27.85,464
480.86139,27.85,927
482.86559,27.85,23
486.87398,27.85,24
490.88237,27.85,265
492.88657,27.85,66
494.89076,27.85,118
496.89496,27.85,417
498.89915,27.85,4225
500.90335,27.85,100
508.92013,27.85,45
514.93272,27.85,792
530.96629,27.85,261
532.97048,27.85,85
534.97468,27.85,136
538.98307,27.85,87
542.99146,27.85,6081
544.99566,27.85,1285
555.01664,27.85,856
557.02083,27.85,201
563.03342,27.85,32
587.08377,27.85,25
615.14251,27.85,126
623.15929,27.85,21
669.25580,27.85,21
717.35649,27.85,22
731.38586,27.85,89
733.39006,27.85,21
781.49076,27.85,1909
845.62502,27.85,2887
59.98028,28.02,56
116.09776,28.02,531
140.14811,28.02,10128
206.28657,28.02,48
254.38727,28.02,148
258.39566,28.02,143
264.40825,28.02,144
276.43342,28.02,28
278.43762,28.02,138
280.44182,28.02,427
282.44601,28.02,21
292.46699,28.02,27
296.47538,28.02,53
310.50475,28.02,146
324.53412,28.02,297
326.53832,28.02,40
330.54671,28.02,80
338.56349,28.02,660
340.56769,28.02,51
366.62223,28.02,277
368.62643,28.02,275
374.63902,28.02,31
382.65580,28.02,473
384.66000,28.02,478
386.66419,28.02,51
390.67258,28.02,390
392.67678,28.02,191
394.68097,28.02,166
396.68517,28.02,4300
398.68937,28.02,602
400.69356,28.02,264
402.69776,28.02,3712
404.70195,28.02,1705
406.70615,28.02,358
408.71035,28.02,829
410.71454,28.02,3241
412.71874,28.02,12933
414.72293,28.02,2272
416.72713,28.02,231
418.73132,28.02,809
420.73552,28.02,16268
422.73972,28.02,3406
424.74391,28.02,656
426.74811,28.02,1631
428.75230,28.02,226
430.75650,28.02,627
432.76069,28.02,346
434.76489,28.02,3033
436.76909,28.02,21795
438.77328,28.02,3931
440.77748,28.02,117
442.78167,28.02,54
444.78587,28.02,144
446.79006,28.02,2175
448.79426,28.02,3299
450.79846,28.02,1116
452.80265,28.02,117734
454.80685,28.02,3356
456.81104,28.02,3219
458.81524,28.02,893
460.81944,28.02,816
462.82363,28.02,78
464.82783,28.02,340
466.83202,28.02,306
468.83622,28.02,976
470.84041,28.02,29
472.84461,28.02,147
474.84881,28.02,42
476.85300,28.02,2235
478.85720,28.02,444
480.86139,28.02,1618
482.86559,28.02,170
490.88237,28.02,129
492.88657,28.02,84
494.89076,28.02,313
496.89496,28.02,424
498.89915,28.02,2217
508.92013,28.02,69
514.93272,28.02,602
528.96209,28.02,46
530.96629,28.02,582
532.97048,28.02,168
538.98307,28.02,86
542.99146,28.02,1778
544.99566,28.02,165
555.01664,28.02,234
559.02503,28.02,85
563.03342,28.02,21
587.08377,28.02,168
615.14251,28.02,75
751.42782,28.02,24
781.49076,28.02,1540
845.62502,28.02,600
59.98028,28.19,69
116.09776,28.19,639
140.14811,28.19,8653
206.28657,28.19,30
244.36629,28.19,24
254.38727,28.19,215
258.39566,28.19,167
264.40825,28.19,136
278.43762,28.19,127
280.44182,28.19,258
282.44601,28.19,21
292.46699,28.19,27
296.47538,28.19,73
310.50475,28.19,221
324.53412,28.19,316
326.53832,28.19,34
330.54671,28.19,73
338.56349,28.19,481
366.62223,28.19,327
368.62643,28.19,207
374.63902,28.19,548
382.65580,28.19,500
384.66000,28.19,210
386.66419,28.19,23
390.67258,28.19,651
392.67678,28.19,172
394.68097,28.19,54
396.68517,28.19,1300
398.68937,28.19,302
400.69356,28.19,872
402.69776,28.19,2959
404.70195,28.19,1110
406.70615,28.19,304
408.71035,28.19,703
410.71454,28.19,3202
412.71874,28.19,9135
414.72293,28.19,1614
416.72713,28.19,254
418.73132,28.19,583
420.73552,28.19,4118
422.73972,28.19,2427
424.74391,28.19,7037
426.74811,28.19,1642
428.75230,28.19,289
430.75650,28.19,727
432.76069,28.19,213
434.76489,28.19,2340
436.76909,28.19,9723
438.77328,28.19,1716
444.78587,28.19,955
446.79006,28.19,1318
448.79426,28.19,2547
450.79846,28.19,1179
452.80265,28.19,140289
454.80685,28.19,4177
456.81104,28.19,2512
458.81524,28.19,579
460.81944,28.19,1739
462.82363,28.19,774
464.82783,28.19,185
466.83202,28.19,242
468.83622,28.19,568
470.84041,28.19,72
472.84461,28.19,136
474.84881,28.19,580
476.85300,28.19,12191
478.85720,28.19,4981
480.86139,28.19,1831
482.86559,28.19,867
484.86978,28.19,252
486.87398,28.19,24
492.88657,28.19,467
494.89076,28.19,1287
496.89496,28.19,308
498.89915,28.19,916
506.91594,28.19,274
514.93272,28.19,350
528.96209,28.19,199
530.96629,28.19,1493
532.97048,28.19,620
534.97468,28.19,82
538.98307,28.19,73
540.98727,28.19,21
542.99146,28.19,944
544.99566,28.19,73
553.01244,28.19,107
555.01664,28.19,102
559.02503,28.19,250
561.02922,28.19,22
569.04601,28.19,88
587.08377,28.19,404
597.10475,28.19,146
599.10894,28.19,214
639.19286,28.19,75
781.49076,28.19,1503
831.59565,28.19,180
845.62502,28.19,121
895.72992,28.19,968
116.09776,28.35,465
140.14811,28.35,5947
242.36210,28.35,64
244.36629,28.35,30
254.38727,28.35,133
258.39566,28.35,143
264.40825,28.35,28
278.43762,28.35,358
280.44182,28.35,386
282.44601,28.35,34
284.45021,28.35,23
296.47538,28.35,808
302.48797,28.35,612
310.50475,28.35,100
324.53412,28.35,94
326.53832,28.35,30
330.54671,28.35,188
338.56349,28.35,211
366.62223,28.35,254
368.62643,28.35,105
374.63902,28.35,2584
376.64321,28.35,26
382.65580,28.35,140
384.66000,28.35,49
390.67258,28.35,552
392.67678,28.35,60
398.68937,28.35,276
400.69356,28.35,955
402.69776,28.35,2079
404.70195,28.35,362
406.70615,28.35,39
408.71035,28.35,573
410.71454,28.35,3093
412.71874,28.35,1814
414.72293,28.35,3445
416.72713,28.35,771
418.73132,28.35,333
420.73552,28.35,1327
422.73972,28.35,3363
424.74391,28.35,12148
426.74811,28.35,2649
428.75230,28.35,171
430.75650,28.35,602
432.76069,28.35,120
434.76489,28.35,560
436.76909,28.35,427
438.77328,28.35,115
444.78587,28.35,1706
446.79006,28.35,579
448.79426,28.35,1024
450.79846,28.35,682
452.80265,28.35,92379
454.80685,28.35,2560
456.81104,28.35,1173
458.81524,28.35,150
460.81944,28.35,1522
462.82363,28.35,1141
464.82783,28.35,538
466.83202,28.35,115
468.83622,28.35,745
470.84041,28.35,135
472.84461,28.35,347
474.84881,28.35,1102
476.85300,28.35,16437
478.85720,28.35,18124
480.86139,28.35,1268
482.86559,28.35,1313
484.86978,28.35,666
486.87398,28.35,245
492.88657,28.35,577
494.89076,28.35,1543
496.89496,28.35,83
502.90755,28.35,25
506.91594,28.35,395
510.92433,28.35,106
512.92853,28.35,287
528.96209,28.35,103
530.96629,28.35,1860
532.97048,28.35,777
534.97468,28.35,148
542.99146,28.35,182
553.01244,28.35,124
559.02503,28.35,186
569.04601,28.35,131
587.08377,28.35,436
589.08796,28.35,67
597.10475,28.35,461
599.10894,28.35,855
601.11314,28.35,190
639.19286,28.35,91
781.49076,28.35,1612
831.59565,28.35,425
877.69216,28.35,21
895.72992,28.35,2226
61.98448,28.52,23
116.09776,28.52,202
140.14811,28.52,8297
206.28657,28.52,30
242.36210,28.52,64
254.38727,28.52,395
258.39566,28.52,118
264.40825,28.52,28
278.43762,28.52,513
280.44182,28.52,410
282.44601,28.52,103
290.46279,28.52,90
296.47538,28.52,808
302.48797,28.52,612
310.50475,28.52,188
324.53412,28.52,21
330.54671,28.52,168
338.56349,28.52,173
366.62223,28.52,214
368.62643,28.52,122
374.63902,28.52,6801
376.64321,28.52,26
388.66839,28.52,95
390.67258,28.52,324
392.67678,28.52,26
396.68517,28.52,21
398.68937,28.52,185
400.69356,28.52,920
402.69776,28.52,1726
404.70195,28.52,151
408.71035,28.52,517
410.71454,28.52,2857
412.71874,28.52,606
414.72293,28.52,5867
416.72713,28.52,1389
418.73132,28.52,280
420.73552,28.52,1706
422.73972,28.52,4011
424.74391,28.52,15859
426.74811,28.52,3589
428.75230,28.52,130
430.75650,28.52,496
432.76069,28.52,100
434.76489,28.52,219
436.76909,28.52,382
438.77328,28.52,58
444.78587,28.52,2599
446.79006,28.52,674
448.79426,28.52,1207
450.79846,28.52,339
452.80265,28.52,49563
454.80685,28.52,1176
456.81104,28.52,482
460.81944,28.52,1046
462.82363,28.52,1231
464.82783,28.52,1950
466.83202,28.52,661
468.83622,28.52,1231
470.84041,28.52,174
472.84461,28.52,406
474.84881,28.52,1944
476.85300,28.52,16479
478.85720,28.52,40769
480.86139,28.52,1245
482.86559,28.52,1298
484.86978,28.52,2311
486.87398,28.52,507
492.88657,28.52,379
494.89076,28.52,1409
496.89496,28.52,100
500.90335,28.52,331
502.90755,28.52,67
504.91174,28.52,199
506.91594,28.52,369
510.92433,28.52,602
512.92853,28.52,856
522.94950,28.52,24
528.96209,28.52,52
530.96629,28.52,2024
532.97048,28.52,788
534.97468,28.52,154
542.99146,28.52,38
553.01244,28.52,53
559.02503,28.52,78
569.04601,28.52,43
587.08377,28.52,397
589.08796,28.52,67
597.10475,28.52,988
599.10894,28.52,1786
601.11314,28.52,375
639.19286,28.52,75
781.49076,28.52,1623
831.59565,28.52,659
877.69216,28.52,21
895.72992,28.52,3348
61.98448,28.69,82
116.09776,28.69,208
140.14811,28.69,9122
206.28657,28.69,77
218.31175,28.69,119
242.36210,28.69,64
254.38727,28.69,424
258.39566,28.69,105
264.40825,28.69,121
278.43762,28.69,514
280.44182,28.69,698
282.44601,28.69,103
290.46279,28.69,90
294.47119,28.69,63
296.47538,28.69,808
302.48797,28.69,612
310.50475,28.69,125
330.54671,28.69,152
338.56349,28.69,173
366.62223,28.69,309
368.62643,28.69,154
374.63902,28.69,17947
376.64321,28.69,192
388.66839,28.69,124
390.67258,28.69,160
394.68097,28.69,28
396.68517,28.69,51
398.68937,28.69,67
400.69356,28.69,731
402.69776,28.69,1100
404.70195,28.69,102
408.71035,28.69,361
410.71454,28.69,2232
412.71874,28.69,359
414.72293,28.69,7420
416.72713,28.69,1756
418.73132,28.69,240
420.73552,28.69,2063
422.73972,28.69,3990
424.74391,28.69,16489
426.74811,28.69,3825
428.75230,28.69,141
430.75650,28.69,985
432.76069,28.69,191
434.76489,28.69,416
436.76909,28.69,779
438.77328,28.69,807
440.77748,28.69,349
442.78167,28.69,41
444.78587,28.69,3825
446.79006,28.69,1574
448.79426,28.69,1109
450.79846,28.69,268
452.80265,28.69,19246
454.80685,28.69,393
456.81104,28.69,85
460.81944,28.69,407
462.82363,28.69,955
464.82783,28.69,10466
466.83202,28.69,2901
468.83622,28.69,1282
470.84041,28.69,157
472.84461,28.69,386
474.84881,28.69,2882
476.85300,28.69,12480
478.85720,28.69,80601
480.86139,28.69,8973
482.86559,28.69,999
484.86978,28.69,8553
486.87398,28.69,1714
488.87818,28.69,137
490.88237,28.69,242
492.88657,28.69,243
494.89076,28.69,1019
496.89496,28.69,1267
498.89915,28.69,81
500.90335,28.69,8882
502.90755,28.69,565
504.91174,28.69,540
506.91594,28.69,200
510.92433,28.69,4790
512.92853,28.69,2855
516.93692,28.69,170
522.94950,28.69,66
524.95370,28.69,25
528.96209,28.69,138
530.96629,28.69,1924
532.97048,28.69,762
534.97468,28.69,105
540.98727,28.69,21
544.99566,28.69,104
546.99985,28.69,62
553.01244,28.69,27
569.04601,28.69,143
577.06279,28.69,67
583.07538,28.69,21
587.08377,28.69,272
597.10475,28.69,1836
599.10894,28.69,2816
601.11314,28.69,609
639.19286,28.69,55
749.42363,28.69,24
781.49076,28.69,1388
831.59565,28.69,871
851.63761,28.69,23
889.71733,28.69,51
895.72992,28.69,3665
61.98448,28.85,25
116.09776,28.85,242
140.14811,28.85,3256
206.28657,28.85,61
218.31175,28.85,119
254.38727,28.85,618
258.39566,28.85,23
264.40825,28.85,102
278.43762,28.85,289
280.44182,28.85,306
282.44601,28.85,52
294.47119,28.85,63
296.47538,28.85,159
310.50475,28.85,97
366.62223,28.85,361
368.62643,28.85,206
374.63902,28.85,19115
376.64321,28.85,275
388.66839,28.85,51
390.67258,28.85,61
396.68517,28.85,74
400.69356,28.85,766
402.69776,28.85,679
408.71035,28.85,155
410.71454,28.85,681
412.71874,28.85,131
414.72293,28.85,5166
416.72713,28.85,1054
418.73132,28.85,284
420.73552,28.85,2004
422.73972,28.85,2793
424.74391,28.85,10142
426.74811,28.85,2201
428.75230,28.85,341
430.75650,28.85,1168
432.76069,28.85,263
434.76489,28.85,495
436.76909,28.85,1078
438.77328,28.85,1414
440.77748,28.85,728
442.78167,28.85,106
444.78587,28.85,4229
446.79006,28.85,2353
448.79426,28.85,843
450.79846,28.85,22
452.80265,28.85,721
454.80685,28.85,136
456.81104,28.85,85
460.81944,28.85,21
462.82363,28.85,503
464.82783,28.85,15502
466.83202,28.85,3384
468.83622,28.85,713
470.84041,28.85,74
472.84461,28.85,258
474.84881,28.85,2499
476.85300,28.85,3155
478.85720,28.85,79392
480.86139,28.85,28959
482.86559,28.85,619
484.86978,28.85,10381
486.87398,28.85,1996
488.87818,28.85,974
490.88237,28.85,707
492.88657,28.85,279
494.89076,28.85,273
496.89496,28.85,2247
498.89915,28.85,185
500.90335,28.85,20739
502.90755,28.85,1097
504.91174,28.85,564
506.91594,28.85,52
510.92433,28.85,7087
512.92853,28.85,3432
514.93272,28.85,82
516.93692,28.85,424
522.94950,28.85,28
524.95370,28.85,105
528.96209,28.85,175
530.96629,28.85,969
532.97048,28.85,448
534.97468,28.85,596
540.98727,28.85,198
544.99566,28.85,71
546.99985,28.85,259
551.00824,28.85,21
569.04601,28.85,166
575.05859,28.85,189
577.06279,28.85,94
583.07538,28.85,63
587.08377,28.85,118
597.10475,28.85,1536
599.10894,28.85,2224
601.11314,28.85,491
781.49076,28.85,456
831.59565,28.85,870
895.72992,28.85,1601
61.98448,29.02,47
116.09776,29.02,284
140.14811,29.02,3717
198.26979,29.02,24
206.28657,29.02,27
218.31175,29.02,96
254.38727,29.02,526
258.39566,29.02,23
264.40825,29.02,46
278.43762,29.02,233
280.44182,29.02,477
292.46699,29.02,24
296.47538,29.02,190
310.50475,29.02,92
324.53412,29.02,26
366.62223,29.02,429
368.62643,29.02,298
374.63902,29.02,15729
376.64321,29.02,197
388.66839,29.02,25
390.67258,29.02,94
396.68517,29.02,69
400.69356,29.02,837
402.69776,29.02,598
408.71035,29.02,60
410.71454,29.02,239
412.71874,29.02,147
414.72293,29.02,2889
416.72713,29.02,1111
418.73132,29.02,185
420.73552,29.02,1707
422.73972,29.02,2097
424.74391,29.02,6179
426.74811,29.02,1255
428.75230,29.02,1037
430.75650,29.02,1277
432.76069,29.02,286
434.76489,29.02,503
436.76909,29.02,1294
438.77328,29.02,1875
440.77748,29.02,1053
442.78167,29.02,277
444.78587,29.02,4621
446.79006,29.02,3570
448.79426,29.02,1585
450.79846,29.02,85
452.80265,29.02,775
454.80685,29.02,176
456.81104,29.02,107
460.81944,29.02,28
462.82363,29.02,446
464.82783,29.02,17367
466.83202,29.02,2983
468.83622,29.02,354
470.84041,29.02,83
472.84461,29.02,1982
474.84881,29.02,1858
476.85300,29.02,1976
478.85720,29.02,62682
480.86139,29.02,72680
482.86559,29.02,1895
484.86978,29.02,9493
486.87398,29.02,1706
488.87818,29.02,2733
490.88237,29.02,1938
492.88657,29.02,320
494.89076,29.02,225
496.89496,29.02,3139
498.89915,29.02,438
500.90335,29.02,34396
502.90755,29.02,1413
504.91174,29.02,432
506.91594,29.02,225
510.92433,29.02,7796
512.92853,29.02,2973
514.93272,29.02,82
516.93692,29.02,793
518.94111,29.02,86
522.94950,29.02,87
524.95370,29.02,75
526.95790,29.02,37
528.96209,29.02,147
530.96629,29.02,817
532.97048,29.02,416
534.97468,29.02,1410
536.97887,29.02,23
538.98307,29.02,53
540.98727,29.02,447
544.99566,29.02,46
546.99985,29.02,545
551.00824,29.02,151
569.04601,29.02,148
573.05440,29.02,32
575.05859,29.02,559
577.06279,29.02,344
583.07538,29.02,101
597.10475,29.02,890
599.10894,29.02,1302
601.11314,29.02,309
613.13831,29.02,141
625.16349,29.02,21
781.49076,29.02,135
831.59565,29.02,816
895.72992,29.02,631
945.83481,29.02,91
61.98448,29.19,47
116.09776,29.19,215
140.14811,29.19,3535
198.26979,29.19,24
206.28657,29.19,85
218.31175,29.19,61
254.38727,29.19,370
264.40825,29.19,31
278.43762,29.19,162
280.44182,29.19,528
292.46699,29.19,24
296.47538,29.19,367
302.48797,29.19,29
310.50475,29.19,115
312.50895,29.19,23
324.53412,29.19,94
338.56349,29.19,52
366.62223,29.19,517
368.62643,29.19,262
374.63902,29.19,10015
376.64321,29.19,80
390.67258,29.19,63
396.68517,29.19,99
400.69356,29.19,827
402.69776,29.19,1168
404.70195,29.19,45
408.71035,29.19,155
410.71454,29.19,22
412.71874,29.19,106
414.72293,29.19,1115
416.72713,29.19,2592
418.73132,29.19,110
420.73552,29.19,1194
422.73972,29.19,1756
424.74391,29.19,3125
426.74811,29.19,606
428.75230,29.19,2831
430.75650,29.19,1155
432.76069,29.19,223
434.76489,29.19,554
436.76909,29.19,1574
438.77328,29.19,2454
440.77748,29.19,1255
442.78167,29.19,621
444.78587,29.19,6594
446.79006,29.19,6648
448.79426,29.19,3970
450.79846,29.19,612
452.80265,29.19,869
454.80685,29.19,229
456.81104,29.19,90
458.81524,29.19,96
460.81944,29.19,86
462.82363,29.19,890
464.82783,29.19,14838
466.83202,29.19,1814
468.83622,29.19,353
470.84041,29.19,116
472.84461,29.19,14360
474.84881,29.19,3536
476.85300,29.19,1034
478.85720,29.19,40953
480.86139,29.19,194861
482.86559,29.19,6576
484.86978,29.19,6592
486.87398,29.19,1061
488.87818,29.19,7053
490.88237,29.19,10906
492.88657,29.19,411
494.89076,29.19,394
496.89496,29.19,3143
498.89915,29.19,750
500.90335,29.19,42457
502.90755,29.19,2372
504.91174,29.19,8005
506.91594,29.19,982
508.92013,29.19,161
510.92433,29.19,6366
512.92853,29.19,1801
514.93272,29.19,110
516.93692,29.19,989
518.94111,29.19,321
520.94531,29.19,172
522.94950,29.19,605
524.95370,29.19,480
526.95790,29.19,165
528.96209,29.19,296
530.96629,29.19,2776
532.97048,29.19,518
534.97468,29.19,2393
536.97887,29.19,41
538.98307,29.19,57
540.98727,29.19,664
542.99146,29.19,54
546.99985,29.19,720
551.00824,29.19,430
553.01244,29.19,49
557.02083,29.19,133
561.02922,29.19,50
569.04601,29.19,54
573.05440,29.19,88
575.05859,29.19,1553
577.06279,29.19,935
579.06699,29.19,183
583.07538,29.19,103
585.07957,29.19,26
597.10475,29.19,327
599.10894,29.19,544
601.11314,29.19,100
611.13412,29.19,107
613.13831,29.19,334
617.14671,29.19,129
625.16349,29.19,1722
627.16768,29.19,231
781.49076,29.19,23
831.59565,29.19,771
881.70055,29.19,27
895.72992,29.19,124
945.83481,29.19,1619
116.09776,29.35,44
140.14811,29.35,3059
206.28657,29.35,71
254.38727,29.35,26
264.40825,29.35,31
278.43762,29.35,124
280.44182,29.35,393
282.44601,29.35,27
296.47538,29.35,366
302.48797,29.35,29
310.50475,29.35,92
312.50895,29.35,33
324.53412,29.35,94
338.56349,29.35,52
366.62223,29.35,267
368.62643,29.35,56
374.63902,29.35,1667
400.69356,29.35,341
402.69776,29.35,1306
404.70195,29.35,45
408.71035,29.35,319
416.72713,29.35,3200
418.73132,29.35,267
420.73552,29.35,438
422.73972,29.35,960
424.74391,29.35,547
426.74811,29.35,66
428.75230,29.35,3021
430.75650,29.35,748
432.76069,29.35,206
434.76489,29.35,586
436.76909,29.35,1496
438.77328,29.35,2004
440.77748,29.35,588
442.78167,29.35,813
444.78587,29.35,8342
446.79006,29.35,8247
448.79426,29.35,5487
450.79846,29.35,923
452.80265,29.35,790
454.80685,29.35,120
456.81104,29.35,117
458.81524,29.35,224
460.81944,29.35,29
462.82363,29.35,1178
464.82783,29.35,4704
466.83202,29.35,244
468.83622,29.35,303
470.84041,29.35,25
472.84461,29.35,23456
474.84881,29.35,5896
476.85300,29.35,307
478.85720,29.35,13491
480.86139,29.35,216952
482.86559,29.35,7637
484.86978,29.35,980
486.87398,29.35,230
488.87818,29.35,7213
490.88237,29.35,21007
492.88657,29.35,1005
494.89076,29.35,909
496.89496,29.35,1990
498.89915,29.35,580
500.90335,29.35,29014
502.90755,29.35,2251
504.91174,29.35,20089
506.91594,29.35,1834
508.92013,29.35,237
510.92433,29.35,1593
512.92853,29.35,163
514.93272,29.35,428
516.93692,29.35,660
518.94111,29.35,789
520.94531,29.35,425
522.94950,29.35,824
524.95370,29.35,1653
526.95790,29.35,1009
528.96209,29.35,682
530.96629,29.35,3368
532.97048,29.35,176
534.97468,29.35,2088
538.98307,29.35,72
540.98727,29.35,513
542.99146,29.35,66
544.99566,29.35,69
546.99985,29.35,505
551.00824,29.35,347
553.01244,29.35,57
557.02083,29.35,286
559.02503,29.35,58
573.05440,29.35,58
575.05859,29.35,1641
577.06279,29.35,1066
579.06699,29.35,281
603.11733,29.35,25
611.13412,29.35,87
613.13831,29.35,274
617.14671,29.35,213
619.15090,29.35,30
625.16349,29.35,3590
627.16768,29.35,570
631.17608,29.35,50
831.59565,29.35,796
881.70055,29.35,84
945.83481,29.35,2856
61.98448,29.52,27
116.09776,29.52,51
140.14811,29.52,2733
206.28657,29.52,26
254.38727,29.52,117
278.43762,29.52,339
280.44182,29.52,216
282.44601,29.52,65
294.47119,29.52,22
296.47538,29.52,335
302.48797,29.52,29
310.50475,29.52,599
312.50895,29.52,154
324.53412,29.52,106
338.56349,29.52,136
366.62223,29.52,78
368.62643,29.52,27
374.63902,29.52,336
400.69356,29.52,79
402.69776,29.52,1097
404.70195,29.52,23
408.71035,29.52,702
410.71454,29.52,36
416.72713,29.52,4710
418.73132,29.52,1016
420.73552,29.52,215
422.73972,29.52,508
424.74391,29.52,216
426.74811,29.52,21
428.75230,29.52,2483
430.75650,29.52,704
432.76069,29.52,221
434.76489,29.52,613
436.76909,29.52,1051
438.77328,29.52,1253
440.77748,29.52,259
442.78167,29.52,959
444.78587,29.52,12251
446.79006,29.52,10995
448.79426,29.52,8015
450.79846,29.52,1962
452.80265,29.52,652
454.80685,29.52,43
456.81104,29.52,266
458.81524,29.52,404
460.81944,29.52,139
462.82363,29.52,2204
464.82783,29.52,4799
466.83202,29.52,966
468.83622,29.52,459
472.84461,29.52,29763
474.84881,29.52,7863
476.85300,29.52,462
478.85720,29.52,9446
480.86139,29.52,189278
482.86559,29.52,6658
484.86978,29.52,154
486.87398,29.52,103
488.87818,29.52,5639
490.88237,29.52,38251
492.88657,29.52,2050
494.89076,29.52,1754
496.89496,29.52,1422
498.89915,29.52,316
500.90335,29.52,16067
502.90755,29.52,1699
504.91174,29.52,49137
506.91594,29.52,12891
508.92013,29.52,590
510.92433,29.52,420
512.92853,29.52,109
514.93272,29.52,1551
516.93692,29.52,534
518.94111,29.52,3091
520.94531,29.52,989
522.94950,29.52,809
524.95370,29.52,5911
526.95790,29.52,7433
528.96209,29.52,1318
530.96629,29.52,3098
532.97048,29.52,100
534.97468,29.52,1427
538.98307,29.52,94
540.98727,29.52,280
542.99146,29.52,67
544.99566,29.52,387
546.99985,29.52,256
551.00824,29.52,171
557.02083,29.52,426
559.02503,29.52,142
565.03762,29.52,145
573.05440,29.52,85
575.05859,29.52,1346
577.06279,29.52,1021
579.06699,29.52,300
589.08796,29.52,153
601.11314,29.52,55
603.11733,29.52,80
611.13412,29.52,63
613.13831,29.52,122
617.14671,29.52,283
619.15090,29.52,97
625.16349,29.52,5428
627.16768,29.52,769
631.17608,29.52,58
641.19705,29.52,120
643.20125,29.52,37
831.59565,29.52,802
881.70055,29.52,269
945.83481,29.52,3575
61.98448,29.69,21
116.09776,29.69,75
140.14811,29.69,2731
254.38727,29.69,117
278.43762,29.69,256
280.44182,29.69,198
282.44601,29.69,38
294.47119,29.69,42
296.47538,29.69,118
302.48797,29.69,26
310.50475,29.69,599
312.50895,29.69,113
324.53412,29.69,86
338.56349,29.69,84
366.62223,29.69,29
402.69776,29.69,398
408.71035,29.69,702
416.72713,29.69,5308
418.73132,29.69,1222
420.73552,29.69,259
422.73972,29.69,133
428.75230,29.69,693
430.75650,29.69,388
432.76069,29.69,122
434.76489,29.69,276
436.76909,29.69,594
438.77328,29.69,481
442.78167,29.69,821
444.78587,29.69,13597
446.79006,29.69,11749
448.79426,29.69,8924
450.79846,29.69,2153
452.80265,29.69,414
454.80685,29.69,119
456.81104,29.69,351
458.81524,29.69,235
460.81944,29.69,305
462.82363,29.69,3081
464.82783,29.69,8020
466.83202,29.69,2157
468.83622,29.69,545
470.84041,29.69,48
472.84461,29.69,23978
474.84881,29.69,6174
476.85300,29.69,401
478.85720,29.69,4304
480.86139,29.69,68701
482.86559,29.69,1993
484.86978,29.69,90
488.87818,29.69,1599
490.88237,29.69,35178
492.88657,29.69,2022
494.89076,29.69,1744
496.89496,29.69,841
498.89915,29.69,58
500.90335,29.69,1674
502.90755,29.69,604
504.91174,29.69,52763
506.91594,29.69,25889
508.92013,29.69,1812
510.92433,29.69,137
512.92853,29.69,310
514.93272,29.69,1613
516.93692,29.69,442
518.94111,29.69,4029
520.94531,29.69,1017
522.94950,29.69,696
524.95370,29.69,7323
526.95790,29.69,12042
528.96209,29.69,1260
530.96629,29.69,1284
532.97048,29.69,118
534.97468,29.69,239
538.98307,29.69,81
540.98727,29.69,68
542.99146,29.69,88
544.99566,29.69,918
546.99985,29.69,480
557.02083,29.69,317
559.02503,29.69,105
565.03762,29.69,192
573.05440,29.69,27
575.05859,29.69,580
577.06279,29.69,601
579.06699,29.69,201
585.07957,29.69,21
589.08796,29.69,170
591.09216,29.69,66
601.11314,29.69,95
603.11733,29.69,158
613.13831,29.69,69
617.14671,29.69,189
619.15090,29.69,29
625.16349,29.69,4466
627.16768,29.69,556
631.17608,29.69,24
641.19705,29.69,658
643.20125,29.69,251
659.23482,29.69,66
667.25160,29.69,21
831.59565,29.69,801
881.70055,29.69,365
945.83481,29.69,2483
61.98448,29.86,21
116.09776,29.86,52
140.14811,29.86,2731
198.26979,29.86,50
254.38727,29.86,117
278.43762,29.86,219
280.44182,29.86,246
294.47119,29.86,70
296.47538,29.86,123
310.50475,29.86,266
312.50895,29.86,47
324.53412,29.86,68
366.62223,29.86,29
402.69776,29.86,111
408.71035,29.86,451
416.72713,29.86,5507
418.73132,29.86,1159
420.73552,29.86,420
428.75230,29.86,251
430.75650,29.86,172
432.76069,29.86,54
434.76489,29.86,140
436.76909,29.86,423
438.77328,29.86,439
442.78167,29.86,637
444.78587,29.86,14159
446.79006,29.86,12137
448.79426,29.86,9433
450.79846,29.86,2305
452.80265,29.86,322
454.80685,29.86,521
456.81104,29.86,447
458.81524,29.86,74
460.81944,29.86,411
462.82363,29.86,3809
464.82783,29.86,11078
466.83202,29.86,4980
468.83622,29.86,573
470.84041,29.86,167
472.84461,29.86,21064
474.84881,29.86,5147
476.85300,29.86,282
478.85720,29.86,2087
480.86139,29.86,26808
482.86559,29.86,605
484.86978,29.86,21
486.87398,29.86,90
488.87818,29.86,556
490.88237,29.86,25394
492.88657,29.86,1685
494.89076,29.86,1919
496.89496,29.86,555
500.90335,29.86,434
502.90755,29.86,641
504.91174,29.86,44912
506.91594,29.86,39263
508.92013,29.86,5074
510.92433,29.86,167
512.92853,29.86,511
514.93272,29.86,1155
516.93692,29.86,1072
518.94111,29.86,4565
520.94531,29.86,960
522.94950,29.86,1440
524.95370,29.86,6936
526.95790,29.86,14943
528.96209,29.86,1926
530.96629,29.86,753
532.97048,29.86,101
538.98307,29.86,43
540.98727,29.86,80
542.99146,29.86,273
544.99566,29.86,1460
546.99985,29.86,1375
549.00405,29.86,83
553.01244,29.86,21
557.02083,29.86,177
559.02503,29.86,64
563.03342,29.86,21
565.03762,29.86,203
567.04181,29.86,66
575.05859,29.86,396
577.06279,29.86,355
579.06699,29.86,82
585.07957,29.86,142
589.08796,29.86,225
591.09216,29.86,126
601.11314,29.86,95
603.11733,29.86,118
613.13831,29.86,115
617.14671,29.86,107
625.16349,29.86,2748
627.16768,29.86,266
631.17608,29.86,24
641.19705,29.86,2011
643.20125,29.86,698
645.20545,29.86,22
659.23482,29.86,134
667.25160,29.86,105
831.59565,29.86,712
881.70055,29.86,436
945.83481,29.86,1311
116.09776,30.02,52
140.14811,30.02,2521
198.26979,30.02,50
222.32014,30.02,22
254.38727,30.02,1283
258.39566,30.02,57
264.40825,30.02,92
278.43762,30.02,322
280.44182,30.02,342
294.47119,30.02,21
296.47538,30.02,452
310.50475,30.02,497
312.50895,30.02,42
324.53412,30.02,60
402.69776,30.02,26
408.71035,30.02,188
416.72713,30.02,5288
418.73132,30.02,1108
420.73552,30.02,604
422.73972,30.02,25
428.75230,30.02,77
430.75650,30.02,29
434.76489,30.02,22
436.76909,30.02,181
438.77328,30.02,238
440.77748,30.02,334
442.78167,30.02,323
444.78587,30.02,14559
446.79006,30.02,11962
448.79426,30.02,8902
450.79846,30.02,2068
452.80265,30.02,178
454.80685,30.02,1999
456.81104,30.02,415
458.81524,30.02,87
460.81944,30.02,260
462.82363,30.02,4210
464.82783,30.02,12771
466.83202,30.02,12988
468.83622,30.02,2487
470.84041,30.02,319
472.84461,30.02,96475
474.84881,30.02,26568
476.85300,30.02,222
478.85720,30.02,715
480.86139,30.02,6836
482.86559,30.02,421
484.86978,30.02,109
486.87398,30.02,472
488.87818,30.02,781
490.88237,30.02,14240
492.88657,30.02,1239
494.89076,30.02,1844
496.89496,30.02,232
498.89915,30.02,119
500.90335,30.02,587
502.90755,30.02,581
504.91174,30.02,30485
506.91594,30.02,46953
508.92013,30.02,16420
510.92433,30.02,601
512.92853,30.02,542
514.93272,30.02,590
516.93692,30.02,2263
518.94111,30.02,4366
520.94531,30.02,2139
522.94950,30.02,4134
524.95370,30.02,7307
526.95790,30.02,14376
528.96209,30.02,6168
530.96629,30.02,1114
532.97048,30.02,54
538.98307,30.02,130
540.98727,30.02,76
542.99146,30.02,740
544.99566,30.02,1778
546.99985,30.02,6294
549.00405,30.02,222
553.01244,30.02,207
557.02083,30.02,148
559.02503,30.02,58
563.03342,30.02,149
565.03762,30.02,125
567.04181,30.02,414
571.05020,30.02,38
575.05859,30.02,227
577.06279,30.02,146
579.06699,30.02,23
581.07118,30.02,48
585.07957,30.02,408
589.08796,30.02,257
591.09216,30.02,113
603.11733,30.02,74
613.13831,30.02,129
617.14671,30.02,45
619.15090,30.02,22
625.16349,30.02,1261
641.19705,30.02,6055
643.20125,30.02,1824
645.20545,30.02,75
659.23482,30.02,190
667.25160,30.02,186
831.59565,30.02,533
881.70055,30.02,418
929.80125,30.02,607
931.80544,30.02,602
945.83481,30.02,464
116.09776,30.19,96
140.14811,30.19,1976
254.38727,30.19,1283
258.39566,30.19,48
264.40825,30.19,112
278.43762,30.19,127
280.44182,30.19,255
296.47538,30.19,501
304.49216,30.19,86
310.50475,30.19,491
324.53412,30.19,89
396.68517,30.19,27
402.69776,30.19,26
416.72713,30.19,3443
418.73132,30.19,602
420.73552,30.19,428
422.73972,30.19,25
430.75650,30.19,21
436.76909,30.19,22
440.77748,30.19,579
442.78167,30.19,140
444.78587,30.19,13914
446.79006,30.19,9207
448.79426,30.19,6504
450.79846,30.19,1256
452.80265,30.19,213
454.80685,30.19,2184
456.81104,30.19,452
458.81524,30.19,334
460.81944,30.19,196
462.82363,30.19,3794
464.82783,30.19,11312
466.83202,30.19,18016
468.83622,30.19,4051
470.84041,30.19,368
472.84461,30.19,226548
474.84881,30.19,64691
476.85300,30.19,659
478.85720,30.19,182
480.86139,30.19,528
482.86559,30.19,835
484.86978,30.19,418
486.87398,30.19,590
488.87818,30.19,1145
490.88237,30.19,2212
492.88657,30.19,951
494.89076,30.19,650
496.89496,30.19,95
498.89915,30.19,282
500.90335,30.19,318
502.90755,30.19,48
504.91174,30.19,8341
506.91594,30.19,34226
508.92013,30.19,20103
510.92433,30.19,657
512.92853,30.19,251
514.93272,30.19,49
516.93692,30.19,2131
518.94111,30.19,2272
520.94531,30.19,3436
522.94950,30.19,4546
524.95370,30.19,18918
526.95790,30.19,6011
528.96209,30.19,9049
530.96629,30.19,1495
534.97468,30.19,25
536.97887,30.19,29
538.98307,30.19,259
542.99146,30.19,697
544.99566,30.19,1411
546.99985,30.19,8988
549.00405,30.19,248
553.01244,30.19,274
557.02083,30.19,77
563.03342,30.19,288
567.04181,30.19,584
571.05020,30.19,26
573.05440,30.19,22
581.07118,30.19,71
585.07957,30.19,303
589.08796,30.19,160
601.11314,30.19,58
611.13412,30.19,62
613.13831,30.19,99
617.14671,30.19,230
619.15090,30.19,279
621.15510,30.19,21
625.16349,30.19,95
627.16768,30.19,90
641.19705,30.19,6917
643.20125,30.19,1859
645.20545,30.19,44
659.23482,30.19,92
667.25160,30.19,99
683.28517,30.19,54
831.59565,30.19,89
881.70055,30.19,360
929.80125,30.19,1120
931.80544,30.19,1225
61.98448,30.36,24
116.09776,30.36,81
140.14811,30.36,1911
254.38727,30.36,1283
258.39566,30.36,23
264.40825,30.36,77
278.43762,30.36,287
280.44182,30.36,666
296.47538,30.36,367
304.49216,30.36,86
310.50475,30.36,461
312.50895,30.36,29
324.53412,30.36,762
328.54251,30.36,91
366.62223,30.36,52
368.62643,30.36,25
396.68517,30.36,27
416.72713,30.36,2134
418.73132,30.36,290
420.73552,30.36,260
430.75650,30.36,104
432.76069,30.36,22
434.76489,30.36,99
440.77748,30.36,765
442.78167,30.36,193
444.78587,30.36,12189
446.79006,30.36,7010
448.79426,30.36,5051
450.79846,30.36,694
452.80265,30.36,188
454.80685,30.36,1897
456.81104,30.36,358
458.81524,30.36,690
460.81944,30.36,160
462.82363,30.36,3001
464.82783,30.36,8946
466.83202,30.36,36517
468.83622,30.36,9009
470.84041,30.36,238
472.84461,30.36,668038
474.84881,30.36,205207
476.85300,30.36,3165
478.85720,30.36,226
480.86139,30.36,863
482.86559,30.36,1615
484.86978,30.36,1092
486.87398,30.36,595
488.87818,30.36,1958
490.88237,30.36,836
492.88657,30.36,1501
494.89076,30.36,630
496.89496,30.36,66
498.89915,30.36,462
500.90335,30.36,115
504.91174,30.36,4258
506.91594,30.36,20251
508.92013,30.36,18745
510.92433,30.36,542
512.92853,30.36,85
514.93272,30.36,372
516.93692,30.36,1560
518.94111,30.36,1194
520.94531,30.36,5152
522.94950,30.36,4095
524.95370,30.36,56278
526.95790,30.36,3054
528.96209,30.36,10592
530.96629,30.36,1862
534.97468,30.36,59
536.97887,30.36,448
538.98307,30.36,296
540.98727,30.36,25
542.99146,30.36,528
544.99566,30.36,1270
546.99985,30.36,10164
549.00405,30.36,229
551.00824,30.36,55
553.01244,30.36,312
557.02083,30.36,65
563.03342,30.36,387
567.04181,30.36,614
573.05440,30.36,22
581.07118,30.36,52
585.07957,30.36,167
589.08796,30.36,61
601.11314,30.36,239
603.11733,30.36,134
611.13412,30.36,100
613.13831,30.36,108
617.14671,30.36,1288
619.15090,30.36,1737
621.15510,30.36,357
625.16349,30.36,22
627.16768,30.36,137
641.19705,30.36,6177
643.20125,30.36,1385
645.20545,30.36,28
659.23482,30.36,39
667.25160,30.36,23
683.28517,30.36,116
881.70055,30.36,440
929.80125,30.36,1316
931.80544,30.36,1531
61.98448,30.52,24
116.09776,30.52,140
140.14811,30.52,2330
198.26979,30.52,67
206.28657,30.52,61
244.36629,30.52,24
254.38727,30.52,362
258.39566,30.52,23
264.40825,30.52,49
278.43762,30.52,231
280.44182,30.52,666
296.47538,30.52,315
310.50475,30.52,285
312.50895,30.52,25
324.53412,30.52,761
328.54251,30.52,85
366.62223,30.52,87
368.62643,30.52,93
416.72713,30.52,409
430.75650,30.52,104
432.76069,30.52,22
434.76489,30.52,336
440.77748,30.52,543
442.78167,30.52,140
444.78587,30.52,7868
446.79006,30.52,3140
448.79426,30.52,2079
450.79846,30.52,62
452.80265,30.52,103
454.80685,30.52,780
456.81104,30.52,118
458.81524,30.52,527
460.81944,30.52,83
462.82363,30.52,1690
464.82783,30.52,4266
466.83202,30.52,46606
468.83622,30.52,11391
470.84041,30.52,235
472.84461,30.52,863853
474.84881,30.52,268805
476.85300,30.52,4530
478.85720,30.52,171
480.86139,30.52,913
482.86559,30.52,1731
484.86978,30.52,1069
486.87398,30.52,303
488.87818,30.52,2752
490.88237,30.52,1641
492.88657,30.52,2417
494.89076,30.52,970
496.89496,30.52,129
498.89915,30.52,339
500.90335,30.52,166
502.90755,30.52,93
504.91174,30.52,861
506.91594,30.52,2864
508.92013,30.52,7163
510.92433,30.52,116
514.93272,30.52,658
516.93692,30.52,320
518.94111,30.52,699
520.94531,30.52,4924
522.94950,30.52,2162
524.95370,30.52,71496
526.95790,30.52,2687
528.96209,30.52,7026
530.96629,30.52,1588
532.97048,30.52,22
534.97468,30.52,54
536.97887,30.52,472
538.98307,30.52,515
540.98727,30.52,167
542.99146,30.52,129
544.99566,30.52,1217
546.99985,30.52,6489
549.00405,30.52,187
551.00824,30.52,23
553.01244,30.52,225
555.01664,30.52,81
557.02083,30.52,59
563.03342,30.52,343
567.04181,30.52,185
575.05859,30.52,21
577.06279,30.52,21
601.11314,30.52,329
603.11733,30.52,149
611.13412,30.52,52
613.13831,30.52,142
615.14251,30.52,159
617.14671,30.52,1941
619.15090,30.52,2694
621.15510,30.52,574
627.16768,30.52,29
629.17188,30.52,25
641.19705,30.52,2292
643.20125,30.52,427
881.70055,30.52,478
929.80125,30.52,677
931.80544,30.52,799
116.09776,30.69,83
140.14811,30.69,1531
198.26979,30.69,84
206.28657,30.69,135
244.36629,30.69,24
254.38727,30.69,393
258.39566,30.69,23
280.44182,30.69,666
296.47538,30.69,251
310.50475,30.69,437
312.50895,30.69,25
324.53412,30.69,481
326.53832,30.69,46
338.56349,30.69,24
366.62223,30.69,117
368.62643,30.69,155
416.72713,30.69,126
430.75650,30.69,166
434.76489,30.69,403
440.77748,30.69,252
444.78587,30.69,6170
446.79006,30.69,2137
448.79426,30.69,1090
450.79846,30.69,23
452.80265,30.69,58
454.80685,30.69,347
456.81104,30.69,33
458.81524,30.69,258
460.81944,30.69,87
462.82363,30.69,1093
464.82783,30.69,2743
466.83202,30.69,50226
468.83622,30.69,11978
470.84041,30.69,297
472.84461,30.69,943364
474.84881,30.69,290620
476.85300,30.69,5028
478.85720,30.69,111
480.86139,30.69,905
482.86559,30.69,1748
484.86978,30.69,1051
486.87398,30.69,185
488.87818,30.69,3707
490.88237,30.69,2662
492.88657,30.69,3692
494.89076,30.69,1124
496.89496,30.69,218
498.89915,30.69,295
500.90335,30.69,238
502.90755,30.69,214
504.91174,30.69,245
506.91594,30.69,658
508.92013,30.69,2773
514.93272,30.69,973
516.93692,30.69,272
518.94111,30.69,633
520.94531,30.69,3955
522.94950,30.69,2256
524.95370,30.69,76964
526.95790,30.69,2716
528.96209,30.69,3890
530.96629,30.69,1044
532.97048,30.69,93
534.97468,30.69,93
536.97887,30.69,419
538.98307,30.69,1140
540.98727,30.69,364
542.99146,30.69,111
544.99566,30.69,795
546.99985,30.69,3535
549.00405,30.69,261
551.00824,30.69,28
553.01244,30.69,305
555.01664,30.69,217
557.02083,30.69,95
559.02503,30.69,113
563.03342,30.69,275
565.03762,30.69,22
567.04181,30.69,114
569.04601,30.69,45
577.06279,30.69,23
601.11314,30.69,393
603.11733,30.69,155
613.13831,30.69,379
615.14251,30.69,269
617.14671,30.69,2284
619.15090,30.69,3261
621.15510,30.69,765
623.15929,30.69,82
629.17188,30.69,144
641.19705,30.69,861
643.20125,30.69,98
881.70055,30.69,530
929.80125,30.69,266
931.80544,30.69,298
987.92292,30.69,21
116.09776,30.86,25
140.14811,30.86,1065
198.26979,30.86,133
206.28657,30.86,135
254.38727,30.86,383
264.40825,30.86,71
280.44182,30.86,48
296.47538,30.86,184
302.48797,30.86,113
310.50475,30.86,546
324.53412,30.86,374
326.53832,30.86,46
338.56349,30.86,24
366.62223,30.86,222
368.62643,30.86,188
420.73552,30.86,23
430.75650,30.86,138
434.76489,30.86,384
440.77748,30.86,54
444.78587,30.86,5922
446.79006,30.86,1563
448.79426,30.86,720
454.80685,30.86,62
458.81524,30.86,25
460.81944,30.86,22
462.82363,30.86,765
464.82783,30.86,1869
466.83202,30.86,45080
468.83622,30.86,11222
470.84041,30.86,203
472.84461,30.86,875846
474.84881,30.86,264324
476.85300,30.86,4649
478.85720,30.86,54
480.86139,30.86,690
482.86559,30.86,1460
484.86978,30.86,761
486.87398,30.86,85
488.87818,30.86,4987
490.88237,30.86,4208
492.88657,30.86,7608
494.89076,30.86,1740
496.89496,30.86,257
498.89915,30.86,432
500.90335,30.86,345
502.90755,30.86,238
504.91174,30.86,328
506.91594,30.86,192
508.92013,30.86,716
512.92853,30.86,58
514.93272,30.86,1349
516.93692,30.86,1642
518.94111,30.86,474
520.94531,30.86,2686
522.94950,30.86,1736
524.95370,30.86,68703
526.95790,30.86,2329
528.96209,30.86,1655
530.96629,30.86,516
532.97048,30.86,421
534.97468,30.86,52
536.97887,30.86,330
538.98307,30.86,1802
540.98727,30.86,988
542.99146,30.86,318
544.99566,30.86,383
546.99985,30.86,1443
549.00405,30.86,192
551.00824,30.86,188
553.01244,30.86,661
555.01664,30.86,673
557.02083,30.86,330
559.02503,30.86,650
561.02922,30.86,46
563.03342,30.86,149
565.03762,30.86,22
567.04181,30.86,62
569.04601,30.86,217
571.05020,30.86,1131
573.05440,30.86,145
577.06279,30.86,32
581.07118,30.86,22
585.07957,30.86,52
587.08377,30.86,249
591.09216,30.86,69
601.11314,30.86,380
603.11733,30.86,126
613.13831,30.86,755
615.14251,30.86,301
617.14671,30.86,2086
619.15090,30.86,3194
621.15510,30.86,809
623.15929,30.86,57
629.17188,30.86,211
641.19705,30.86,161
881.70055,30.86,595
929.80125,30.86,21
931.80544,30.86,22
987.92292,30.86,95
989.92712,30.86,62
140.14811,31.02,1601
198.26979,31.02,96
206.28657,31.02,112
254.38727,31.02,456
264.40825,31.02,105
296.47538,31.02,119
298.47958,31.02,25
302.48797,31.02,113
310.50475,31.02,278
312.50895,31.02,28
324.53412,31.02,339
338.56349,31.02,21
366.62223,31.02,344
368.62643,31.02,113
420.73552,31.02,23
430.75650,31.02,76
434.76489,31.02,29
444.78587,31.02,6427
446.79006,31.02,1721
448.79426,31.02,624
452.80265,31.02,22
458.81524,31.02,115
462.82363,31.02,129
464.82783,31.02,850
466.83202,31.02,18820
468.83622,31.02,4932
470.84041,31.02,25
472.84461,31.02,440037
474.84881,31.02,133823
476.85300,31.02,2062
480.86139,31.02,205
482.86559,31.02,749
484.86978,31.02,143
486.87398,31.02,23
488.87818,31.02,5207
490.88237,31.02,4648
492.88657,31.02,8759
494.89076,31.02,2141
496.89496,31.02,190
498.89915,31.02,361
500.90335,31.02,338
502.90755,31.02,63
504.91174,31.02,247
506.91594,31.02,163
508.92013,31.02,193
510.92433,31.02,48
512.92853,31.02,23
514.93272,31.02,1236
516.93692,31.02,2425
518.94111,31.02,826
520.94531,31.02,513
522.94950,31.02,577
524.95370,31.02,29233
526.95790,31.02,885
528.96209,31.02,228
530.96629,31.02,122
532.97048,31.02,446
534.97468,31.02,38
536.97887,31.02,177
538.98307,31.02,1513
540.98727,31.02,1274
542.99146,31.02,391
544.99566,31.02,124
546.99985,31.02,69
551.00824,31.02,378
553.01244,31.02,574
555.01664,31.02,1331
557.02083,31.02,456
559.02503,31.02,751
561.02922,31.02,112
563.03342,31.02,183
565.03762,31.02,52
569.04601,31.02,227
571.05020,31.02,3531
573.05440,31.02,628
575.05859,31.02,21
585.07957,31.02,76
587.08377,31.02,711
601.11314,31.02,129
603.11733,31.02,47
613.13831,31.02,601
615.14251,31.02,186
617.14671,31.02,1174
619.15090,31.02,1495
621.15510,31.02,483
629.17188,31.02,100
631.17608,31.02,74
633.18027,31.02,72
881.70055,31.02,547
987.92292,31.02,56
989.92712,31.02,22
116.09776,31.19,65
140.14811,31.19,1498
198.26979,31.19,132
206.28657,31.19,116
254.38727,31.19,301
264.40825,31.19,165
280.44182,31.19,2584
292.46699,31.19,143
296.47538,31.19,83
298.47958,31.19,25
302.48797,31.19,124
310.50475,31.19,109
312.50895,31.19,28
324.53412,31.19,333
326.53832,31.19,47
338.56349,31.19,130
366.62223,31.19,325
368.62643,31.19,157
420.73552,31.19,23
430.75650,31.19,29
444.78587,31.19,6888
446.79006,31.19,2024
448.79426,31.19,728
450.79846,31.19,112
452.80265,31.19,22
458.81524,31.19,255
460.81944,31.19,101
464.82783,31.19,706
466.83202,31.19,8263
468.83622,31.19,2205
472.84461,31.19,226109
474.84881,31.19,67969
476.85300,31.19,841
480.86139,31.19,127
482.86559,31.19,385
484.86978,31.19,277
486.87398,31.19,54
488.87818,31.19,4724
490.88237,31.19,5153
492.88657,31.19,8949
494.89076,31.19,2206
496.89496,31.19,300
498.89915,31.19,321
500.90335,31.19,350
502.90755,31.19,21
504.91174,31.19,163
506.91594,31.19,284
508.92013,31.19,744
510.92433,31.19,385
512.92853,31.19,27
514.93272,31.19,984
516.93692,31.19,3387
518.94111,31.19,2376
520.94531,31.19,167
522.94950,31.19,228
524.95370,31.19,13468
526.95790,31.19,317
528.96209,31.19,124
532.97048,31.19,344
534.97468,31.19,132
536.97887,31.19,546
538.98307,31.19,1057
540.98727,31.19,2451
542.99146,31.19,366
544.99566,31.19,76
546.99985,31.19,24
551.00824,31.19,450
553.01244,31.19,412
555.01664,31.19,2685
557.02083,31.19,1475
559.02503,31.19,746
561.02922,31.19,482
563.03342,31.19,253
565.03762,31.19,69
567.04181,31.19,119
569.04601,31.19,264
571.05020,31.19,11412
573.05440,31.19,2426
575.05859,31.19,370
579.06699,31.19,25
581.07118,31.19,21
583.07538,31.19,53
585.07957,31.19,28
587.08377,31.19,2189
595.10055,31.19,640
597.10475,31.19,97
605.12153,31.19,21
613.13831,31.19,354
615.14251,31.19,93
617.14671,31.19,632
619.15090,31.19,706
621.15510,31.19,246
629.17188,31.19,21
631.17608,31.19,174
633.18027,31.19,291
635.18447,31.19,48
643.20125,31.19,197
645.20545,31.19,303
647.20964,31.19,73
651.21803,31.19,65
881.70055,31.19,525
116.09776,31.36,41
140.14811,31.36,1001
198.26979,31.36,149
206.28657,31.36,59
254.38727,31.36,249
264.40825,31.36,145
280.44182,31.36,2584
292.46699,31.36,139
296.47538,31.36,22
302.48797,31.36,118
310.50475,31.36,48
324.53412,31.36,342
326.53832,31.36,64
338.56349,31.36,130
340.56769,31.36,30
366.62223,31.36,214
368.62643,31.36,93
430.75650,31.36,48
444.78587,31.36,6027
446.79006,31.36,1753
448.79426,31.36,631
450.79846,31.36,81
458.81524,31.36,288
460.81944,31.36,86
464.82783,31.36,163
466.83202,31.36,946
468.83622,31.36,107
472.84461,31.36,27397
474.84881,31.36,7349
480.86139,31.36,74
482.86559,31.36,44
484.86978,31.36,229
486.87398,31.36,33
488.87818,31.36,2394
490.88237,31.36,5552
492.88657,31.36,8672
494.89076,31.36,2631
496.89496,31.36,526
498.89915,31.36,109
500.90335,31.36,188
504.91174,31.36,21
506.91594,31.36,262
508.92013,31.36,1141
510.92433,31.36,468
512.92853,31.36,220
514.93272,31.36,538
516.93692,31.36,3561
518.94111,31.36,3676
520.94531,31.36,441
524.95370,31.36,1286
528.96209,31.36,72
532.97048,31.36,89
534.97468,31.36,195
536.97887,31.36,1456
538.98307,31.36,259
540.98727,31.36,3016
542.99146,31.36,292
544.99566,31.36,23
551.00824,31.36,472
553.01244,31.36,76
555.01664,31.36,2859
557.02083,31.36,2249
559.02503,31.36,572
561.02922,31.36,709
563.03342,31.36,177
565.03762,31.36,53
567.04181,31.36,90
569.04601,31.36,241
571.05020,31.36,13443
573.05440,31.36,2912
575.05859,31.36,499
577.06279,31.36,61
583.07538,31.36,81
585.07957,31.36,85
587.08377,31.36,2635
589.08796,31.36,27
595.10055,31.36,1280
597.10475,31.36,352
605.12153,31.36,51
617.14671,31.36,264
619.15090,31.36,81
631.17608,31.36,169
633.18027,31.36,271
635.18447,31.36,27
643.20125,31.36,681
645.20545,31.36,957
647.20964,31.36,119
651.21803,31.36,90
667.25160,31.36,21
699.31873,31.36,108
881.70055,31.36,303
116.09776,31.52,51
140.14811,31.52,1477
198.26979,31.52,130
206.28657,31.52,60
254.38727,31.52,382
264.40825,31.52,145
278.43762,31.52,37
280.44182,31.52,206
310.50475,31.52,42
324.53412,31.52,397
326.53832,31.52,51
338.56349,31.52,121
340.56769,31.52,30
366.62223,31.52,195
368.62643,31.52,53
430.75650,31.52,56
444.78587,31.52,5417
446.79006,31.52,1560
448.79426,31.52,379
450.79846,31.52,70
458.81524,31.52,271
464.82783,31.52,62
466.83202,31.52,1122
468.83622,31.52,187
472.84461,31.52,7274
474.84881,31.52,1698
480.86139,31.52,53
484.86978,31.52,133
486.87398,31.52,33
488.87818,31.52,1936
490.88237,31.52,5949
492.88657,31.52,7996
494.89076,31.52,2749
496.89496,31.52,597
498.89915,31.52,22
500.90335,31.52,193
506.91594,31.52,222
508.92013,31.52,1296
510.92433,31.52,738
512.92853,31.52,498
514.93272,31.52,503
516.93692,31.52,3750
518.94111,31.52,4780
520.94531,31.52,697
522.94950,31.52,22
524.95370,31.52,646
532.97048,31.52,26
534.97468,31.52,217
536.97887,31.52,2856
538.98307,31.52,592
540.98727,31.52,3043
542.99146,31.52,774
544.99566,31.52,21
546.99985,31.52,22
551.00824,31.52,962
553.01244,31.52,53
555.01664,31.52,2559
557.02083,31.52,2922
559.02503,31.52,1103
561.02922,31.52,898
563.03342,31.52,146
565.03762,31.52,21
569.04601,31.52,120
571.05020,31.52,12431
573.05440,31.52,3624
575.05859,31.52,441
577.06279,31.52,115
583.07538,31.52,109
585.07957,31.52,281
587.08377,31.52,2713
595.10055,31.52,1811
597.10475,31.52,1262
599.10894,31.52,191
601.11314,31.52,52
605.12153,31.52,136
617.14671,31.52,483
619.15090,31.52,58
631.17608,31.52,163
633.18027,31.52,156
635.18447,31.52,24
641.19705,31.52,21
643.20125,31.52,1583
645.20545,31.52,1948
647.20964,31.52,280
651.21803,31.52,60
667.25160,31.52,59
669.25580,31.52,89
699.31873,31.52,144
881.70055,31.52,146
116.09776,31.69,29
140.14811,31.69,1691
198.26979,31.69,116
206.28657,31.69,94
254.38727,31.69,435
264.40825,31.69,185
278.43762,31.69,95
280.44182,31.69,309
296.47538,31.69,63
310.50475,31.69,26
324.53412,31.69,1646
326.53832,31.69,41
338.56349,31.69,433
366.62223,31.69,222
444.78587,31.69,6556
446.79006,31.69,1678
448.79426,31.69,149
458.81524,31.69,241
466.83202,31.69,1222
468.83622,31.69,243
472.84461,31.69,2881
474.84881,31.69,520
478.85720,31.69,143
480.86139,31.69,58
484.86978,31.69,64
488.87818,31.69,1079
490.88237,31.69,5889
492.88657,31.69,6963
494.89076,31.69,2623
496.89496,31.69,495
498.89915,31.69,29
500.90335,31.69,118
506.91594,31.69,108
508.92013,31.69,1094
510.92433,31.69,2193
512.92853,31.69,1269
514.93272,31.69,539
516.93692,31.69,4485
518.94111,31.69,7502
520.94531,31.69,1441
522.94950,31.69,154
524.95370,31.69,851
526.95790,31.69,52
528.96209,31.69,25
532.97048,31.69,228
534.97468,31.69,920
536.97887,31.69,9016
538.98307,31.69,2533
540.98727,31.69,7178
542.99146,31.69,1890
544.99566,31.69,142
551.00824,31.69,1665
553.01244,31.69,80
555.01664,31.69,1956
557.02083,31.69,3359
559.02503,31.69,2039
561.02922,31.69,920
563.03342,31.69,60
565.03762,31.69,21
569.04601,31.69,233
571.05020,31.69,8541
573.05440,31.69,9604
575.05859,31.69,396
577.06279,31.69,98
579.06699,31.69,21
583.07538,31.69,240
585.07957,31.69,854
587.08377,31.69,2307
589.08796,31.69,25
595.10055,31.69,1972
597.10475,31.69,5101
599.10894,31.69,3439
601.11314,31.69,668
603.11733,31.69,647
605.12153,31.69,374
615.14251,31.69,25
617.14671,31.69,700
619.15090,31.69,268
621.15510,31.69,59
625.16349,31.69,25
631.17608,31.69,61
633.18027,31.69,104
635.18447,31.69,54
641.19705,31.69,72
643.20125,31.69,2947
645.20545,31.69,3535
647.20964,31.69,710
649.21384,31.69,67
651.21803,31.69,25
661.23901,31.69,236
663.24321,31.69,155
667.25160,31.69,90
669.25580,31.69,126
699.31873,31.69,164
1038.02782,31.69,98
140.14811,31.86,886
198.26979,31.86,22
206.28657,31.86,121
254.38727,31.86,226
264.40825,31.86,100
278.43762,31.86,95
280.44182,31.86,280
296.47538,31.86,74
310.50475,31.86,69
324.53412,31.86,1420
338.56349,31.86,437
366.62223,31.86,175
444.78587,31.86,7136
446.79006,31.86,1808
458.81524,31.86,65
466.83202,31.86,927
468.83622,31.86,155
472.84461,31.86,2077
474.84881,31.86,521
478.85720,31.86,230
480.86139,31.86,49
488.87818,31.86,1030
490.88237,31.86,3390
492.88657,31.86,4498
494.89076,31.86,1087
496.89496,31.86,119
498.89915,31.86,25
500.90335,31.86,25
508.92013,31.86,606
510.92433,31.86,3116
512.92853,31.86,1214
514.93272,31.86,511
516.93692,31.86,4497
518.94111,31.86,7993
520.94531,31.86,1999
522.94950,31.86,131
524.95370,31.86,726
528.96209,31.86,25
532.97048,31.86,350
534.97468,31.86,1615
536.97887,31.86,13569
538.98307,31.86,3937
540.98727,31.86,8396
542.99146,31.86,2176
544.99566,31.86,496
546.99985,31.86,88
551.00824,31.86,1540
553.01244,31.86,144
555.01664,31.86,811
557.02083,31.86,2593
559.02503,31.86,2030
561.02922,31.86,503
563.03342,31.86,96
569.04601,31.86,157
571.05020,31.86,1445
573.05440,31.86,11382
575.05859,31.86,499
577.06279,31.86,22
579.06699,31.86,145
583.07538,31.86,163
585.07957,31.86,938
587.08377,31.86,1155
595.10055,31.86,1186
597.10475,31.86,6985
599.10894,31.86,14267
601.11314,31.86,3132
603.11733,31.86,1119
605.12153,31.86,540
615.14251,31.86,42
617.14671,31.86,871
619.15090,31.86,972
621.15510,31.86,197
625.16349,31.86,31
635.18447,31.86,94
641.19705,31.86,44
643.20125,31.86,2759
645.20545,31.86,3322
647.20964,31.86,762
649.21384,31.86,46
661.23901,31.86,380
663.24321,31.86,407
665.24740,31.86,21
667.25160,31.86,73
669.25580,31.86,28
1038.02782,31.86,74
140.14811,32.02,801
198.26979,32.02,109
206.28657,32.02,110
254.38727,32.02,184
264.40825,32.02,29
278.43762,32.02,95
280.44182,32.02,315
296.47538,32.02,74
310.50475,32.02,66
324.53412,32.02,192
338.56349,32.02,334
340.56769,32.02,30
366.62223,32.02,163
368.62643,32.02,24
420.73552,32.02,28
444.78587,32.02,6647
446.79006,32.02,1776
466.83202,32.02,825
468.83622,32.02,98
472.84461,32.02,1934
474.84881,32.02,491
478.85720,32.02,190
480.86139,32.02,199
482.86559,32.02,25
488.87818,32.02,1019
490.88237,32.02,1655
492.88657,32.02,3243
494.89076,32.02,612
508.92013,32.02,218
510.92433,32.02,3735
512.92853,32.02,876
514.93272,32.02,466
516.93692,32.02,4196
518.94111,32.02,8019
520.94531,32.02,2332
522.94950,32.02,316
524.95370,32.02,411
528.96209,32.02,48
532.97048,32.02,306
534.97468,32.02,2465
536.97887,32.02,20918
538.98307,32.02,5851
540.98727,32.02,8066
542.99146,32.02,2134
544.99566,32.02,1529
546.99985,32.02,403
551.00824,32.02,1085
553.01244,32.02,170
555.01664,32.02,1099
557.02083,32.02,1710
559.02503,32.02,1545
561.02922,32.02,243
563.03342,32.02,63
565.03762,32.02,30
569.04601,32.02,27
571.05020,32.02,3772
573.05440,32.02,10828
575.05859,32.02,563
577.06279,32.02,23
579.06699,32.02,303
583.07538,32.02,87
585.07957,32.02,758
587.08377,32.02,776
589.08796,32.02,44
595.10055,32.02,632
597.10475,32.02,7687
599.10894,32.02,72649
601.11314,32.02,19733
603.11733,32.02,1335
605.12153,32.02,923
607.12573,32.02,44
615.14251,32.02,252
617.14671,32.02,857
619.15090,32.02,3772
621.15510,32.02,1054
623.15929,32.02,55
625.16349,32.02,33
635.18447,32.02,205
637.18866,32.02,22
641.19705,32.02,118
643.20125,32.02,2056
645.20545,32.02,2412
647.20964,32.02,657
657.23062,32.02,58
661.23901,32.02,532
663.24321,32.02,809
665.24740,32.02,107
667.25160,32.02,50
1038.02782,32.02,32
116.09776,32.19,56
140.14811,32.19,751
198.26979,32.19,56
254.38727,32.19,31
264.40825,32.19,29
278.43762,32.19,59
280.44182,32.19,164
282.44601,32.19,24
296.47538,32.19,60
310.50475,32.19,121
324.53412,32.19,26
330.54671,32.19,40
338.56349,32.19,172
340.56769,32.19,147
366.62223,32.19,238
368.62643,32.19,23
420.73552,32.19,28
444.78587,32.19,2955
446.79006,32.19,824
466.83202,32.19,657
468.83622,32.19,119
472.84461,32.19,1763
474.84881,32.19,422
478.85720,32.19,55
480.86139,32.19,372
482.86559,32.19,75
488.87818,32.19,314
490.88237,32.19,118
492.88657,32.19,966
494.89076,32.19,126
508.92013,32.19,29
510.92433,32.19,2992
512.92853,32.19,588
514.93272,32.19,140
516.93692,32.19,3292
518.94111,32.19,6709
520.94531,32.19,2602
522.94950,32.19,375
526.95790,32.19,22
528.96209,32.19,115
532.97048,32.19,695
534.97468,32.19,2363
536.97887,32.19,23929
538.98307,32.19,6548
540.98727,32.19,5404
542.99146,32.19,1133
544.99566,32.19,2085
546.99985,32.19,634
551.00824,32.19,165
553.01244,32.19,126
555.01664,32.19,3055
557.02083,32.19,249
559.02503,32.19,447
563.03342,32.19,256
565.03762,32.19,22
569.04601,32.19,196
571.05020,32.19,8049
573.05440,32.19,5589
575.05859,32.19,324
577.06279,32.19,23
579.06699,32.19,413
585.07957,32.19,308
587.08377,32.19,245
591.09216,32.19,22
595.10055,32.19,300
597.10475,32.19,5300
599.10894,32.19,110163
601.11314,32.19,30795
603.11733,32.19,1132
605.12153,32.19,847
607.12573,32.19,66
609.12992,32.19,22
613.13831,32.19,22
615.14251,32.19,359
617.14671,32.19,703
619.15090,32.19,4896
621.15510,32.19,1329
623.15929,32.19,46
625.16349,32.19,72
627.16768,32.19,49
635.18447,32.19,322
643.20125,32.19,646
645.20545,32.19,686
647.20964,32.19,156
649.21384,32.19,75
657.23062,32.19,141
661.23901,32.19,496
663.24321,32.19,752
665.24740,32.19,76
753.43202,32.19,22
116.09776,32.36,128
140.14811,32.36,1083
198.26979,32.36,21
254.38727,32.36,39
278.43762,32.36,144
280.44182,32.36,176
282.44601,32.36,47
296.47538,32.36,81
310.50475,32.36,2374
330.54671,32.36,40
338.56349,32.36,120
340.56769,32.36,117
366.62223,32.36,330
368.62643,32.36,24
444.78587,32.36,1375
446.79006,32.36,322
466.83202,32.36,412
468.83622,32.36,85
472.84461,32.36,1732
474.84881,32.36,384
480.86139,32.36,484
482.86559,32.36,66
488.87818,32.36,59
490.88237,32.36,127
492.88657,32.36,328
494.89076,32.36,24
508.92013,32.36,104
510.92433,32.36,1932
512.92853,32.36,360
514.93272,32.36,53
516.93692,32.36,2628
518.94111,32.36,5477
520.94531,32.36,2549
522.94950,32.36,322
526.95790,32.36,22
528.96209,32.36,115
532.97048,32.36,3091
534.97468,32.36,1992
536.97887,32.36,28253
538.98307,32.36,7667
540.98727,32.36,5034
542.99146,32.36,515
544.99566,32.36,2423
546.99985,32.36,739
549.00405,32.36,24
551.00824,32.36,53
553.01244,32.36,71
555.01664,32.36,6106
557.02083,32.36,81
559.02503,32.36,240
561.02922,32.36,62
563.03342,32.36,406
565.03762,32.36,60
569.04601,32.36,405
571.05020,32.36,13259
573.05440,32.36,3054
575.05859,32.36,198
579.06699,32.36,591
585.07957,32.36,366
587.08377,32.36,96
591.09216,32.36,302
595.10055,32.36,253
597.10475,32.36,3389
599.10894,32.36,135359
601.11314,32.36,38197
603.11733,32.36,780
605.12153,32.36,735
607.12573,32.36,130
609.12992,32.36,155
613.13831,32.36,22
615.14251,32.36,602
617.14671,32.36,510
619.15090,32.36,5031
621.15510,32.36,1321
625.16349,32.36,231
627.16768,32.36,107
635.18447,32.36,366
637.18866,32.36,22
643.20125,32.36,226
645.20545,32.36,266
649.21384,32.36,75
657.23062,32.36,102
659.23482,32.36,23
661.23901,32.36,306
663.24321,32.36,506
665.24740,32.36,58
753.43202,32.36,55
116.09776,32.52,126
140.14811,32.52,1143
254.38727,32.52,162
278.43762,32.52,237
280.44182,32.52,152
282.44601,32.52,60
296.47538,32.52,100
310.50475,32.52,2374
330.54671,32.52,38
340.56769,32.52,117
366.62223,32.52,272
368.62643,32.52,134
444.78587,32.52,599
446.79006,32.52,88
452.80265,32.52,44
466.83202,32.52,237
472.84461,32.52,1715
474.84881,32.52,368
480.86139,32.52,594
482.86559,32.52,22
490.88237,32.52,430
492.88657,32.52,84
504.91174,32.52,138
508.92013,32.52,341
510.92433,32.52,968
512.92853,32.52,210
516.93692,32.52,2007
518.94111,32.52,4123
520.94531,32.52,2434
522.94950,32.52,415
528.96209,32.52,77
532.97048,32.52,15907
534.97468,32.52,4561
536.97887,32.52,37837
538.98307,32.52,12122
540.98727,32.52,3962
542.99146,32.52,139
544.99566,32.52,2455
546.99985,32.52,724
549.00405,32.52,48
551.00824,32.52,129
553.01244,32.52,29
555.01664,32.52,11310
557.02083,32.52,353
559.02503,32.52,475
561.02922,32.52,139
563.03342,32.52,494
565.03762,32.52,377
567.04181,32.52,429
569.04601,32.52,728
571.05020,32.52,16889
573.05440,32.52,1508
575.05859,32.52,189
579.06699,32.52,2081
581.07118,32.52,49
585.07957,32.52,756
587.08377,32.52,54
589.08796,32.52,99
591.09216,32.52,1733
593.09636,32.52,338
595.10055,32.52,209
597.10475,32.52,1931
599.10894,32.52,136163
601.11314,32.52,38622
603.11733,32.52,697
605.12153,32.52,522
607.12573,32.52,143
609.12992,32.52,703
615.14251,32.52,1263
617.14671,32.52,819
619.15090,32.52,4197
621.15510,32.52,1069
623.15929,32.52,157
625.16349,32.52,574
627.16768,32.52,190
629.17188,32.52,366
635.18447,32.52,306
637.18866,32.52,335
643.20125,32.52,27
645.20545,32.52,79
649.21384,32.52,130
657.23062,32.52,23
659.23482,32.52,23
661.23901,32.52,149
663.24321,32.52,254
665.24740,32.52,22
116.09776,32.69,25
140.14811,32.69,421
218.31175,32.69,24
254.38727,32.69,123
278.43762,32.69,155
280.44182,32.69,32
282.44601,32.69,50
296.47538,32.69,116
310.50475,32.69,81
366.62223,32.69,113
368.62643,32.69,204
452.80265,32.69,44
472.84461,32.69,1512
474.84881,32.69,350
480.86139,32.69,189
490.88237,32.69,480
492.88657,32.69,84
504.91174,32.69,103
508.92013,32.69,295
510.92433,32.69,21
512.92853,32.69,238
516.93692,32.69,1650
518.94111,32.69,1127
520.94531,32.69,1786
522.94950,32.69,206
532.97048,32.69,23810
534.97468,32.69,7112
536.97887,32.69,38615
538.98307,32.69,16658
540.98727,32.69,4033
544.99566,32.69,1549
546.99985,32.69,430
551.00824,32.69,231
555.01664,32.69,10934
557.02083,32.69,399
559.02503,32.69,828
561.02922,32.69,219
563.03342,32.69,309
565.03762,32.69,801
567.04181,32.69,658
569.04601,32.69,547
571.05020,32.69,13010
573.05440,32.69,1171
575.05859,32.69,272
579.06699,32.69,3123
581.07118,32.69,327
585.07957,32.69,977
587.08377,32.69,54
589.08796,32.69,244
591.09216,32.69,3128
593.09636,32.69,789
595.10055,32.69,124
597.10475,32.69,270
599.10894,32.69,76075
601.11314,32.69,21735
603.11733,32.69,983
605.12153,32.69,436
607.12573,32.69,232
609.12992,32.69,1046
615.14251,32.69,1644
617.14671,32.69,1232
619.15090,32.69,1442
621.15510,32.69,318
623.15929,32.69,117
625.16349,32.69,661
627.16768,32.69,185
629.17188,32.69,687
635.18447,32.69,170
637.18866,32.69,267
643.20125,32.69,26
649.21384,32.69,155
687.29356,32.69,54
689.29775,32.69,31
116.09776,32.86,28
140.14811,32.86,394
198.26979,32.86,29
216.30755,32.86,29
218.31175,32.86,24
254.38727,32.86,70
278.43762,32.86,152
280.44182,32.86,273
282.44601,32.86,62
296.47538,32.86,167
310.50475,32.86,106
366.62223,32.86,158
368.62643,32.86,222
444.78587,32.86,29
472.84461,32.86,1326
474.84881,32.86,327
490.88237,32.86,393
492.88657,32.86,64
504.91174,32.86,36
506.91594,32.86,27
508.92013,32.86,188
512.92853,32.86,143
516.93692,32.86,2085
518.94111,32.86,477
520.94531,32.86,1182
522.94950,32.86,101
532.97048,32.86,29168
534.97468,32.86,8567
536.97887,32.86,34103
538.98307,32.86,28451
540.98727,32.86,7536
544.99566,32.86,902
546.99985,32.86,179
549.00405,32.86,115
551.00824,32.86,431
553.01244,32.86,28
555.01664,32.86,8379
557.02083,32.86,285
559.02503,32.86,1337
561.02922,32.86,637
563.03342,32.86,517
565.03762,32.86,1355
567.04181,32.86,1213
569.04601,32.86,329
571.05020,32.86,7898
573.05440,32.86,1810
575.05859,32.86,1053
577.06279,32.86,176
579.06699,32.86,3685
581.07118,32.86,1704
585.07957,32.86,1263
587.08377,32.86,194
589.08796,32.86,370
591.09216,32.86,6696
593.09636,32.86,1963
595.10055,32.86,529
597.10475,32.86,109
599.10894,32.86,40937
601.11314,32.86,11381
603.11733,32.86,1683
605.12153,32.86,350
607.12573,32.86,597
609.12992,32.86,1520
615.14251,32.86,2218
617.14671,32.86,1896
619.15090,32.86,480
621.15510,32.86,112
623.15929,32.86,142
625.16349,32.86,680
627.16768,32.86,97
629.17188,32.86,867
635.18447,32.86,56
637.18866,32.86,196
641.19705,32.86,286
643.20125,32.86,80
649.21384,32.86,84
687.29356,32.86,289
689.29775,32.86,290
1088.13271,32.86,23
116.09776,33.02,28
140.14811,33.02,370
198.26979,33.02,75
216.30755,33.02,29
218.31175,33.02,22
254.38727,33.02,58
278.43762,33.02,86
280.44182,33.02,347
282.44601,33.02,26
296.47538,33.02,168
310.50475,33.02,26
338.56349,33.02,39
366.62223,33.02,82
368.62643,33.02,25
472.84461,33.02,998
474.84881,33.02,291
478.85720,33.02,87
490.88237,33.02,45
506.91594,33.02,33
516.93692,33.02,1799
518.94111,33.02,248
520.94531,33.02,223
522.94950,33.02,27
532.97048,33.02,21800
534.97468,33.02,6522
536.97887,33.02,15029
538.98307,33.02,32282
540.98727,33.02,9000
544.99566,33.02,174
546.99985,33.02,25
549.00405,33.02,252
551.00824,33.02,388
555.01664,33.02,2138
557.02083,33.02,22
559.02503,33.02,1420
561.02922,33.02,710
563.03342,33.02,580
565.03762,33.02,1642
567.04181,33.02,1522
569.04601,33.02,479
571.05020,33.02,1267
573.05440,33.02,2048
575.05859,33.02,1331
577.06279,33.02,256
579.06699,33.02,2481
581.07118,33.02,2330
583.07538,33.02,25
585.07957,33.02,1596
587.08377,33.02,316
589.08796,33.02,510
591.09216,33.02,8013
593.09636,33.02,4098
595.10055,33.02,1228
597.10475,33.02,94
599.10894,33.02,4770
601.11314,33.02,1099
603.11733,33.02,1990
605.12153,33.02,120
607.12573,33.02,596
609.12992,33.02,1388
611.13412,33.02,48
615.14251,33.02,2026
617.14671,33.02,1735
623.15929,33.02,274
625.16349,33.02,403
627.16768,33.02,21
629.17188,33.02,648
639.19286,33.02,22
641.19705,33.02,466
687.29356,33.02,351
689.29775,33.02,432
693.30614,33.02,21
695.31034,33.02,95
140.14811,33.19,344
198.26979,33.19,84
216.30755,33.19,29
218.31175,33.19,22
254.38727,33.19,85
278.43762,33.19,73
280.44182,33.19,314
296.47538,33.19,111
338.56349,33.19,39
472.84461,33.19,1084
474.84881,33.19,253
478.85720,33.19,117
506.91594,33.19,33
516.93692,33.19,1310
518.94111,33.19,239
520.94531,33.19,96
522.94950,33.19,24
532.97048,33.19,13318
534.97468,33.19,4154
536.97887,33.19,7210
538.98307,33.19,32501
540.98727,33.19,9177
542.99146,33.19,23
544.99566,33.19,74
546.99985,33.19,32
549.00405,33.19,339
551.00824,33.19,281
555.01664,33.19,587
559.02503,33.19,1281
561.02922,33.19,817
563.03342,33.19,804
565.03762,33.19,1830
567.04181,33.19,1634
569.04601,33.19,468
571.05020,33.19,292
573.05440,33.19,2405
575.05859,33.19,1531
577.06279,33.19,304
579.06699,33.19,1323
581.07118,33.19,2651
583.07538,33.19,112
585.07957,33.19,1950
587.08377,33.19,441
589.08796,33.19,641
591.09216,33.19,8765
593.09636,33.19,7947
595.10055,33.19,2210
597.10475,33.19,45
599.10894,33.19,786
601.11314,33.19,140
603.11733,33.19,1947
605.12153,33.19,42
607.12573,33.19,476
609.12992,33.19,1061
611.13412,33.19,21
613.13831,33.19,34
615.14251,33.19,1538
617.14671,33.19,1336
623.15929,33.19,398
625.16349,33.19,215
629.17188,33.19,374
633.18027,33.19,43
637.18866,33.19,107
639.19286,33.19,21
641.19705,33.19,545
655.22642,33.19,78
687.29356,33.19,362
689.29775,33.19,411
693.30614,33.19,80
695.31034,33.19,135
116.09776,33.36,49
140.14811,33.36,166
198.26979,33.36,84
254.38727,33.36,85
278.43762,33.36,189
280.44182,33.36,345
296.47538,33.36,258
310.50475,33.36,35
324.53412,33.36,35
328.54251,33.36,151
338.56349,33.36,39
366.62223,33.36,294
368.62643,33.36,131
472.84461,33.36,1117
474.84881,33.36,224
478.85720,33.36,62
516.93692,33.36,1074
518.94111,33.36,290
520.94531,33.36,56
522.94950,33.36,84
532.97048,33.36,6468
534.97468,33.36,2038
536.97887,33.36,2716
538.98307,33.36,28604
540.98727,33.36,7884
542.99146,33.36,128
549.00405,33.36,374
551.00824,33.36,106
555.01664,33.36,139
559.02503,33.36,1112
561.02922,33.36,1193
563.03342,33.36,1271
565.03762,33.36,1905
567.04181,33.36,1670
569.04601,33.36,345
571.05020,33.36,27
573.05440,33.36,3717
575.05859,33.36,1532
577.06279,33.36,283
579.06699,33.36,451
581.07118,33.36,4493
583.07538,33.36,1064
585.07957,33.36,1917
587.08377,33.36,429
589.08796,33.36,930
591.09216,33.36,10612
593.09636,33.36,19384
595.10055,33.36,6134
597.10475,33.36,55
599.10894,33.36,83
603.11733,33.36,1442
605.12153,33.36,117
607.12573,33.36,278
609.12992,33.36,592
613.13831,33.36,59
615.14251,33.36,1706
617.14671,33.36,843
623.15929,33.36,805
625.16349,33.36,63
629.17188,33.36,176
633.18027,33.36,116
635.18447,33.36,97
637.18866,33.36,373
639.19286,33.36,107
641.19705,33.36,459
653.22223,33.36,79
655.22642,33.36,311
657.23062,33.36,50
677.27258,33.36,54
687.29356,33.36,313
689.29775,33.36,256
693.30614,33.36,73
695.31034,33.36,173
116.09776,33.52,49
140.14811,33.52,299
206.28657,33.52,22
278.43762,33.52,161
280.44182,33.52,332
296.47538,33.52,280
310.50475,33.52,52
324.53412,33.52,114
328.54251,33.52,283
366.62223,33.52,380
368.62643,33.52,131
472.84461,33.52,614
474.84881,33.52,109
478.85720,33.52,25
516.93692,33.52,820
518.94111,33.52,203
532.97048,33.52,650
534.97468,33.52,164
536.97887,33.52,368
538.98307,33.52,14334
540.98727,33.52,4000
542.99146,33.52,21
549.00405,33.52,99
555.01664,33.52,217
559.02503,33.52,788
561.02922,33.52,1077
563.03342,33.52,1224
565.03762,33.52,1460
567.04181,33.52,1231
569.04601,33.52,150
571.05020,33.52,55
573.05440,33.52,4546
575.05859,33.52,1429
577.06279,33.52,202
581.07118,33.52,7690
583.07538,33.52,2353
585.07957,33.52,1531
587.08377,33.52,108
589.08796,33.52,1004
591.09216,33.52,12002
593.09636,33.52,24916
595.10055,33.52,8217
597.10475,33.52,206
599.10894,33.52,62
603.11733,33.52,842
605.12153,33.52,117
607.12573,33.52,22
609.12992,33.52,71
613.13831,33.52,161
615.14251,33.52,1471
617.14671,33.52,685
621.15510,33.52,66
623.15929,33.52,1042
631.17608,33.52,118
633.18027,33.52,111
635.18447,33.52,305
637.18866,33.52,653
639.19286,33.52,110
641.19705,33.52,161
645.20545,33.52,54
653.22223,33.52,143
655.22642,33.52,393
657.23062,33.52,117
663.24321,33.52,21
675.26838,33.52,54
677.27258,33.52,21
683.28517,33.52,21
687.29356,33.52,106
689.29775,33.52,30
695.31034,33.52,121
140.14811,33.69,261
206.28657,33.69,22
278.43762,33.69,85
280.44182,33.69,229
296.47538,33.69,148
310.50475,33.69,196
324.53412,33.69,145
328.54251,33.69,358
366.62223,33.69,353
368.62643,33.69,95
472.84461,33.69,473
474.84881,33.69,53
478.85720,33.69,25
516.93692,33.69,521
518.94111,33.69,105
532.97048,33.69,73
536.97887,33.69,104
538.98307,33.69,7836
540.98727,33.69,2377
555.01664,33.69,216
559.02503,33.69,457
561.02922,33.69,794
563.03342,33.69,1134
565.03762,33.69,1103
567.04181,33.69,993
569.04601,33.69,58
571.05020,33.69,78
573.05440,33.69,4923
575.05859,33.69,1706
577.06279,33.69,223
581.07118,33.69,10648
583.07538,33.69,3607
585.07957,33.69,1286
587.08377,33.69,138
589.08796,33.69,893
591.09216,33.69,13564
593.09636,33.69,27890
595.10055,33.69,9326
597.10475,33.69,313
599.10894,33.69,64
603.11733,33.69,582
605.12153,33.69,381
607.12573,33.69,53
613.13831,33.69,368
615.14251,33.69,1168
617.14671,33.69,446
621.15510,33.69,66
623.15929,33.69,1234
627.16768,33.69,50
631.17608,33.69,1570
633.18027,33.69,902
635.18447,33.69,299
637.18866,33.69,1021
639.19286,33.69,92
643.20125,33.69,56
645.20545,33.69,81
649.21384,33.69,71
651.21803,33.69,26
653.22223,33.69,124
655.22642,33.69,391
657.23062,33.69,139
675.26838,33.69,675
677.27258,33.69,109
683.28517,33.69,22
687.29356,33.69,45
695.31034,33.69,109
697.31454,33.69,301
737.39845,33.69,23
797.52432,33.69,74
61.98448,33.86,65
116.09776,33.86,36
140.14811,33.86,361
264.40825,33.86,185
278.43762,33.86,124
280.44182,33.86,100
294.47119,33.86,56
296.47538,33.86,203
310.50475,33.86,307
324.53412,33.86,112
328.54251,33.86,509
338.56349,33.86,23
366.62223,33.86,101
472.84461,33.86,425
474.84881,33.86,26
480.86139,33.86,23
516.93692,33.86,243
538.98307,33.86,3532
540.98727,33.86,1186
555.01664,33.86,195
559.02503,33.86,304
561.02922,33.86,577
563.03342,33.86,837
565.03762,33.86,640
567.04181,33.86,1001
569.04601,33.86,50
573.05440,33.86,4502
575.05859,33.86,1650
577.06279,33.86,194
581.07118,33.86,11903
583.07538,33.86,3987
585.07957,33.86,5365
587.08377,33.86,1608
589.08796,33.86,858
591.09216,33.86,14352
593.09636,33.86,27350
595.10055,33.86,9195
597.10475,33.86,382
599.10894,33.86,77
603.11733,33.86,261
605.12153,33.86,3489
607.12573,33.86,1109
611.13412,33.86,21
613.13831,33.86,1433
615.14251,33.86,777
617.14671,33.86,231
623.15929,33.86,1313
625.16349,33.86,26
627.16768,33.86,88
629.17188,33.86,348
631.17608,33.86,15932
633.18027,33.86,10705
635.18447,33.86,1191
637.18866,33.86,1376
639.19286,33.86,73
643.20125,33.86,149
645.20545,33.86,3182
647.20964,33.86,1150
649.21384,33.86,173
651.21803,33.86,248
653.22223,33.86,637
655.22642,33.86,313
657.23062,33.86,171
665.24740,33.86,212
667.25160,33.86,228
673.26419,33.86,30
675.26838,33.86,4784
677.27258,33.86,1217
695.31034,33.86,137
697.31454,33.86,1334
699.31873,33.86,276
701.32293,33.86,230
709.33971,33.86,21
727.37747,33.86,69
797.52432,33.86,315
61.98448,34.02,65
116.09776,34.02,21
140.14811,34.02,466
264.40825,34.02,185
278.43762,34.02,99
280.44182,34.02,39
294.47119,34.02,69
296.47538,34.02,120
310.50475,34.02,296
324.53412,34.02,39
328.54251,34.02,311
338.56349,34.02,23
472.84461,34.02,143
474.84881,34.02,53
480.86139,34.02,23
538.98307,34.02,388
540.98727,34.02,121
555.01664,34.02,46
559.02503,34.02,67
561.02922,34.02,255
563.03342,34.02,143
565.03762,34.02,153
567.04181,34.02,675
569.04601,34.02,43
573.05440,34.02,2017
575.05859,34.02,561
577.06279,34.02,31
581.07118,34.02,7833
583.07538,34.02,2620
585.07957,34.02,9429
587.08377,34.02,3111
589.08796,34.02,510
591.09216,34.02,11915
593.09636,34.02,19676
595.10055,34.02,6502
597.10475,34.02,298
605.12153,34.02,6105
607.12573,34.02,2053
609.12992,34.02,83
611.13412,34.02,37
613.13831,34.02,2095
615.14251,34.02,595
617.14671,34.02,113
623.15929,34.02,777
625.16349,34.02,61
627.16768,34.02,22
629.17188,34.02,833
631.17608,34.02,29164
633.18027,34.02,20102
635.18447,34.02,2131
637.18866,34.02,1234
639.19286,34.02,23
643.20125,34.02,581
645.20545,34.02,14470
647.20964,34.02,5400
649.21384,34.02,813
651.21803,34.02,330
653.22223,34.02,1910
655.22642,34.02,535
665.24740,34.02,525
667.25160,34.02,401
669.25580,34.02,100
671.25999,34.02,47
673.26419,34.02,91
675.26838,34.02,8145
677.27258,34.02,2362
695.31034,34.02,95
697.31454,34.02,1684
699.31873,34.02,328
701.32293,34.02,531
703.32712,34.02,21
727.37747,34.02,295
797.52432,34.02,327
140.14811,34.19,473
264.40825,34.19,206
278.43762,34.19,192
280.44182,34.19,39
294.47119,34.19,30
296.47538,34.19,135
310.50475,34.19,266
324.53412,34.19,387
328.54251,34.19,64
472.84461,34.19,116
474.84881,34.19,53
480.86139,34.19,25
538.98307,34.19,78
561.02922,34.19,96
567.04181,34.19,512
569.04601,34.19,21
571.05020,34.19,35
573.05440,34.19,901
575.05859,34.19,196
581.07118,34.19,4606
583.07538,34.19,1606
585.07957,34.19,14816
587.08377,34.19,5087
589.08796,34.19,231
591.09216,34.19,9171
593.09636,34.19,15584
595.10055,34.19,4913
597.10475,34.19,184
599.10894,34.19,29
605.12153,34.19,9439
607.12573,34.19,3138
609.12992,34.19,364
611.13412,34.19,46
613.13831,34.19,2386
615.14251,34.19,720
617.14671,34.19,209
623.15929,34.19,365
625.16349,34.19,500
627.16768,34.19,125
629.17188,34.19,1760
631.17608,34.19,49426
633.18027,34.19,33679
635.18447,34.19,3310
637.18866,34.19,892
641.19705,34.19,21
643.20125,34.19,3398
645.20545,34.19,90180
647.20964,34.19,38575
649.21384,34.19,3658
651.21803,34.19,1218
653.22223,34.19,5444
655.22642,34.19,1662
665.24740,34.19,1419
667.25160,34.19,3150
669.25580,34.19,1074
671.25999,34.19,47
673.26419,34.19,664
675.26838,34.19,12201
677.27258,34.19,3964
681.28097,34.19,242
693.30614,34.19,46
695.31034,34.19,40
697.31454,34.19,1636
699.31873,34.19,331
701.32293,34.19,876
703.32712,34.19,204
709.33971,34.19,168
711.34391,34.19,80
727.37747,34.19,554
729.38167,34.19,81
797.52432,34.19,260
140.14811,34.36,649
254.38727,34.36,574
264.40825,34.36,21
278.43762,34.36,168
280.44182,34.36,23
282.44601,34.36,27
296.47538,34.36,119
310.50475,34.36,244
324.53412,34.36,387
338.56349,34.36,23
567.04181,34.36,394
571.05020,34.36,130
573.05440,34.36,55
581.07118,34.36,723
583.07538,34.36,233
585.07957,34.36,13463
587.08377,34.36,4518
589.08796,34.36,55
591.09216,34.36,4314
593.09636,34.36,9234
595.10055,34.36,2779
597.10475,34.36,70
599.10894,34.36,47
605.12153,34.36,8566
607.12573,34.36,2984
609.12992,34.36,482
611.13412,34.36,63
613.13831,34.36,1983
615.14251,34.36,619
617.14671,34.36,162
619.15090,34.36,24
623.15929,34.36,31
625.16349,34.36,1020
627.16768,34.36,244
629.17188,34.36,2644
631.17608,34.36,46476
633.18027,34.36,31829
635.18447,34.36,3032
637.18866,34.36,318
641.19705,34.36,92
643.20125,34.36,6007
645.20545,34.36,152904
647.20964,34.36,66142
649.21384,34.36,5016
651.21803,34.36,1735
653.22223,34.36,6112
655.22642,34.36,1873
657.23062,34.36,48
665.24740,34.36,1760
667.25160,34.36,5880
669.25580,34.36,2152
671.25999,34.36,24
673.26419,34.36,2531
675.26838,34.36,11029
677.27258,34.36,3455
681.28097,34.36,394
693.30614,34.36,22
695.31034,34.36,290
697.31454,34.36,362
699.31873,34.36,27
701.32293,34.36,859
703.32712,34.36,171
709.33971,34.36,457
711.34391,34.36,169
727.37747,34.36,970
729.38167,34.36,209
731.38586,34.36,57
797.52432,34.36,29
140.14811,34.53,635
254.38727,34.53,597
278.43762,34.53,168
282.44601,34.53,27
296.47538,34.53,107
310.50475,34.53,351
324.53412,34.53,387
338.56349,34.53,23
366.62223,34.53,22
506.91594,34.53,27
567.04181,34.53,222
571.05020,34.53,289
573.05440,34.53,50
581.07118,34.53,150
585.07957,34.53,9827
587.08377,34.53,3297
591.09216,34.53,2645
593.09636,34.53,7148
595.10055,34.53,2353
597.10475,34.53,38
599.10894,34.53,56
601.11314,34.53,58
605.12153,34.53,6287
607.12573,34.53,2418
609.12992,34.53,412
611.13412,34.53,87
613.13831,34.53,1516
615.14251,34.53,522
617.14671,34.53,264
619.15090,34.53,65
623.15929,34.53,50
625.16349,34.53,1439
627.16768,34.53,324
629.17188,34.53,4577
631.17608,34.53,35319
633.18027,34.53,24831
635.18447,34.53,2256
637.18866,34.53,108
641.19705,34.53,63
643.20125,34.53,8722
645.20545,34.53,210465
647.20964,34.53,94112
649.21384,34.53,5992
651.21803,34.53,2033
653.22223,34.53,5604
655.22642,34.53,1625
657.23062,34.53,21
665.24740,34.53,2003
667.25160,34.53,8777
669.25580,34.53,2968
671.25999,34.53,291
673.26419,34.53,11825
675.26838,34.53,8582
677.27258,34.53,2487
681.28097,34.53,400
693.30614,34.53,22
695.31034,34.53,1035
697.31454,34.53,215
701.32293,34.53,647
703.32712,34.53,82
709.33971,34.53,556
711.34391,34.53,134
715.35230,34.53,48
725.37328,34.53,163
727.37747,34.53,1749
729.38167,34.53,472
731.38586,34.53,138
116.09776,34.69,21
140.14811,34.69,377
254.38727,34.69,597
264.40825,34.69,54
282.44601,34.69,27
296.47538,34.69,31
310.50475,34.69,311
324.53412,34.69,124
338.56349,34.69,23
366.62223,34.69,22
368.62643,34.69,23
506.91594,34.69,27
567.04181,34.69,99
571.05020,34.69,1200
573.05440,34.69,88
585.07957,34.69,5971
587.08377,34.69,1838
591.09216,34.69,1517
593.09636,34.69,5411
595.10055,34.69,1905
597.10475,34.69,38
599.10894,34.69,49
601.11314,34.69,118
605.12153,34.69,3885
607.12573,34.69,1615
609.12992,34.69,217
611.13412,34.69,112
613.13831,34.69,1057
615.14251,34.69,433
617.14671,34.69,335
619.15090,34.69,67
621.15510,34.69,23
623.15929,34.69,94
625.16349,34.69,1609
627.16768,34.69,402
629.17188,34.69,6874
631.17608,34.69,22008
633.18027,34.69,15353
635.18447,34.69,1406
641.19705,34.69,110
643.20125,34.69,10282
645.20545,34.69,239447
647.20964,34.69,111086
649.21384,34.69,7585
651.21803,34.69,1817
653.22223,34.69,4082
655.22642,34.69,984
661.23901,34.69,100
665.24740,34.69,3125
667.25160,34.69,10756
669.25580,34.69,3509
671.25999,34.69,2751
673.26419,34.69,82891
675.26838,34.69,33944
677.27258,34.69,1713
679.27677,34.69,21
681.28097,34.69,304
689.29775,34.69,1000
691.30195,34.69,260
695.31034,34.69,3609
697.31454,34.69,1126
701.32293,34.69,342
709.33971,34.69,459
711.34391,34.69,45
713.34810,34.69,26
715.35230,34.69,98
717.35649,34.69,27
725.37328,34.69,370
727.37747,34.69,3163
729.38167,34.69,1085
731.38586,34.69,269
733.39006,34.69,53
116.09776,34.86,21
140.14811,34.86,440
222.32014,34.86,165
254.38727,34.86,43
264.40825,34.86,23
296.47538,34.86,23
310.50475,34.86,187
368.62643,34.86,23
420.73552,34.86,135
571.05020,34.86,2115
573.05440,34.86,44
585.07957,34.86,801
587.08377,34.86,241
591.09216,34.86,519
593.09636,34.86,2711
595.10055,34.86,807
599.10894,34.86,21
601.11314,34.86,49
605.12153,34.86,713
607.12573,34.86,574
609.12992,34.86,178
613.13831,34.86,302
615.14251,34.86,425
617.14671,34.86,360
619.15090,34.86,60
623.15929,34.86,47
625.16349,34.86,1124
627.16768,34.86,212
629.17188,34.86,6162
631.17608,34.86,4455
633.18027,34.86,2903
635.18447,34.86,193
639.19286,34.86,25
641.19705,34.86,91
643.20125,34.86,7549
645.20545,34.86,181904
647.20964,34.86,91074
649.21384,34.86,5817
651.21803,34.86,757
653.22223,34.86,845
655.22642,34.86,47
661.23901,34.86,102
663.24321,34.86,23
665.24740,34.86,4415
667.25160,34.86,8123
669.25580,34.86,2546
671.25999,34.86,5488
673.26419,34.86,153227
675.26838,34.86,62531
677.27258,34.86,2197
679.27677,34.86,96
681.28097,34.86,21
689.29775,34.86,2129
691.30195,34.86,625
693.30614,34.86,24
695.31034,34.86,4996
697.31454,34.86,1555
701.32293,34.86,30
709.33971,34.86,141
713.34810,34.86,249
715.35230,34.86,100
717.35649,34.86,27
725.37328,34.86,370
727.37747,34.86,3255
729.38167,34.86,1033
733.39006,34.86,197
779.48656,34.86,21
116.09776,35.03,21
140.14811,35.03,499
222.32014,35.03,165
254.38727,35.03,43
292.46699,35.03,99
296.47538,35.03,26
302.48797,35.03,41
304.49216,35.03,24
310.50475,35.03,32
324.53412,35.03,243
338.56349,35.03,25
340.56769,35.03,32
366.62223,35.03,54
368.62643,35.03,23
396.68517,35.03,50
420.73552,35.03,135
474.84881,35.03,241
569.04601,35.03,21
571.05020,35.03,3345
573.05440,35.03,62
585.07957,35.03,45
587.08377,35.03,60
591.09216,35.03,306
593.09636,35.03,1797
595.10055,35.03,402
601.11314,35.03,22
605.12153,35.03,148
607.12573,35.03,383
609.12992,35.03,103
613.13831,35.03,80
615.14251,35.03,419
617.14671,35.03,380
619.15090,35.03,94
625.16349,35.03,652
627.16768,35.03,95
629.17188,35.03,4630
631.17608,35.03,1828
633.18027,35.03,831
639.19286,35.03,60
643.20125,35.03,4847
645.20545,35.03,124013
647.20964,35.03,61295
649.21384,35.03,3407
651.21803,35.03,307
653.22223,35.03,173
655.22642,35.03,23
657.23062,35.03,48
659.23482,35.03,82
661.23901,35.03,136
665.24740,35.03,5842
667.25160,35.03,4766
669.25580,35.03,1463
671.25999,35.03,11646
673.26419,35.03,294089
675.26838,35.03,119184
677.27258,35.03,4037
679.27677,35.03,215
683.28517,35.03,46
687.29356,35.03,48
689.29775,35.03,4320
691.30195,35.03,1550
693.30614,35.03,24
695.31034,35.03,5378
697.31454,35.03,1877
709.33971,35.03,88
713.34810,35.03,952
715.35230,35.03,188
725.37328,35.03,271
727.37747,35.03,2841
729.38167,35.03,797
733.39006,35.03,449
735.39426,35.03,21
741.40684,35.03,335
743.41104,35.03,151
116.09776,35.19,21
140.14811,35.19,316
280.44182,35.19,249
292.46699,35.19,99
296.47538,35.19,26
302.48797,35.19,41
304.49216,35.19,24
324.53412,35.19,262
338.56349,35.19,25
340.56769,35.19,32
366.62223,35.19,84
396.68517,35.19,50
472.84461,35.19,227
474.84881,35.19,241
569.04601,35.19,111
571.05020,35.19,3195
573.05440,35.19,28
591.09216,35.19,159
593.09636,35.19,437
595.10055,35.19,66
607.12573,35.19,51
615.14251,35.19,169
617.14671,35.19,324
623.15929,35.19,44
625.16349,35.19,67
629.17188,35.19,1805
631.17608,35.19,743
639.19286,35.19,55
643.20125,35.19,1007
645.20545,35.19,30391
647.20964,35.19,13460
649.21384,35.19,421
653.22223,35.19,334
655.22642,35.19,119
657.23062,35.19,76
659.23482,35.19,177
661.23901,35.19,102
663.24321,35.19,54
665.24740,35.19,5135
667.25160,35.19,593
669.25580,35.19,102
671.25999,35.19,12503
673.26419,35.19,310222
675.26838,35.19,126328
677.27258,35.19,4196
679.27677,35.19,149
683.28517,35.19,54
687.29356,35.19,83
689.29775,35.19,4584
691.30195,35.19,1730
695.31034,35.19,2906
697.31454,35.19,985
713.34810,35.19,915
715.35230,35.19,182
727.37747,35.19,1041
729.38167,35.19,263
733.39006,35.19,415
739.40265,35.19,31
741.40684,35.19,848
743.41104,35.19,271
755.43621,35.19,48
761.44880,35.19,22
140.14811,35.36,316
198.26979,35.36,22
280.44182,35.36,249
292.46699,35.36,99
302.48797,35.36,41
304.49216,35.36,24
324.53412,35.36,250
338.56349,35.36,27
366.62223,35.36,98
452.80265,35.36,79
472.84461,35.36,227
474.84881,35.36,69
569.04601,35.36,81
571.05020,35.36,2508
573.05440,35.36,21
593.09636,35.36,80
595.10055,35.36,28
615.14251,35.36,34
617.14671,35.36,264
623.15929,35.36,54
629.17188,35.36,833
631.17608,35.36,310
639.19286,35.36,34
643.20125,35.36,273
645.20545,35.36,9784
647.20964,35.36,3909
649.21384,35.36,90
653.22223,35.36,386
655.22642,35.36,178
657.23062,35.36,107
659.23482,35.36,323
661.23901,35.36,162
663.24321,35.36,122
665.24740,35.36,3855
667.25160,35.36,147
669.25580,35.36,21
671.25999,35.36,11017
673.26419,35.36,271140
675.26838,35.36,111760
677.27258,35.36,3599
679.27677,35.36,49
683.28517,35.36,88
687.29356,35.36,63
689.29775,35.36,3958
691.30195,35.36,1556
695.31034,35.36,1557
697.31454,35.36,459
703.32712,35.36,26
713.34810,35.36,662
715.35230,35.36,79
727.37747,35.36,401
729.38167,35.36,94
733.39006,35.36,274
735.39426,35.36,32
739.40265,35.36,157
741.40684,35.36,1446
743.41104,35.36,311
140.14811,35.53,501
198.26979,35.53,22
206.28657,35.53,67
254.38727,35.53,24
264.40825,35.53,27
278.43762,35.53,53
280.44182,35.53,249
282.44601,35.53,91
324.53412,35.53,168
338.56349,35.53,22
366.62223,35.53,55
452.80265,35.53,221
472.84461,35.53,291
474.84881,35.53,72
569.04601,35.53,45
571.05020,35.53,1541
599.10894,35.53,73
617.14671,35.53,187
623.15929,35.53,22
629.17188,35.53,226
631.17608,35.53,82
639.19286,35.53,23
645.20545,35.53,2326
647.20964,35.53,731
653.22223,35.53,389
655.22642,35.53,153
657.23062,35.53,106
659.23482,35.53,673
661.23901,35.53,480
663.24321,35.53,130
665.24740,35.53,2381
667.25160,35.53,222
669.25580,35.53,400
671.25999,35.53,7697
673.26419,35.53,196759
675.26838,35.53,81524
677.27258,35.53,2477
679.27677,35.53,54
683.28517,35.53,82
687.29356,35.53,96
689.29775,35.53,2745
691.30195,35.53,1111
695.31034,35.53,558
697.31454,35.53,219
701.32293,35.53,21
703.32712,35.53,58
707.33551,35.53,237
709.33971,35.53,29
713.34810,35.53,378
715.35230,35.53,115
727.37747,35.53,89
729.38167,35.53,55
733.39006,35.53,105
735.39426,35.53,85
739.40265,35.53,269
741.40684,35.53,1835
743.41104,35.53,450
771.46978,35.53,210
773.47398,35.53,84
140.14811,35.69,375
206.28657,35.69,91
254.38727,35.69,24
278.43762,35.69,53
280.44182,35.69,144
282.44601,35.69,91
324.53412,35.69,44
338.56349,35.69,22
366.62223,35.69,61
452.80265,35.69,221
472.84461,35.69,338
474.84881,35.69,30
571.05020,35.69,138
599.10894,35.69,73
645.20545,35.69,1629
647.20964,35.69,607
653.22223,35.69,186
659.23482,35.69,785
661.23901,35.69,456
663.24321,35.69,178
665.24740,35.69,305
667.25160,35.69,185
669.25580,35.69,606
671.25999,35.69,1795
673.26419,35.69,54183
675.26838,35.69,20871
677.27258,35.69,452
679.27677,35.69,77
687.29356,35.69,21
689.29775,35.69,663
691.30195,35.69,291
695.31034,35.69,179
697.31454,35.69,302
701.32293,35.69,104
703.32712,35.69,34
707.33551,35.69,191
709.33971,35.69,21
713.34810,35.69,24
729.38167,35.69,110
739.40265,35.69,169
741.40684,35.69,1500
743.41104,35.69,475
769.46558,35.69,24
771.46978,35.69,283
773.47398,35.69,134
116.09776,35.86,76
140.14811,35.86,359
206.28657,35.86,59
254.38727,35.86,72
278.43762,35.86,54
280.44182,35.86,155
296.47538,35.86,28
324.53412,35.86,21
338.56349,35.86,55
366.62223,35.86,76
472.84461,35.86,376
480.86139,35.86,26
599.10894,35.86,73
645.20545,35.86,1598
647.20964,35.86,599
653.22223,35.86,44
659.23482,35.86,847
661.23901,35.86,407
663.24321,35.86,125
667.25160,35.86,138
669.25580,35.86,651
671.25999,35.86,522
673.26419,35.86,19639
675.26838,35.86,6753
677.27258,35.86,363
679.27677,35.86,52
687.29356,35.86,52
689.29775,35.86,193
691.30195,35.86,303
693.30614,35.86,69
695.31034,35.86,302
697.31454,35.86,254
701.32293,35.86,165
703.32712,35.86,21
705.33132,35.86,101
707.33551,35.86,51
715.35230,35.86,27
721.36489,35.86,50
729.38167,35.86,96
737.39845,35.86,79
739.40265,35.86,28
741.40684,35.86,947
743.41104,35.86,336
757.44041,35.86,43
769.46558,35.86,64
771.46978,35.86,411
773.47398,35.86,109
116.09776,36.03,76
140.14811,36.03,323
254.38727,36.03,26
278.43762,36.03,116
280.44182,36.03,155
296.47538,36.03,28
338.56349,36.03,116
472.84461,36.03,447
645.20545,36.03,1505
647.20964,36.03,458
659.23482,36.03,592
661.23901,36.03,157
667.25160,36.03,197
669.25580,36.03,479
673.26419,36.03,1021
675.26838,36.03,350
677.27258,36.03,116
679.27677,36.03,52
687.29356,36.03,27
691.30195,36.03,165
693.30614,36.03,138
695.31034,36.03,325
697.31454,36.03,112
701.32293,36.03,93
705.33132,36.03,179
707.33551,36.03,68
709.33971,36.03,51
715.35230,36.03,122
721.36489,36.03,139
723.36908,36.03,47
737.39845,36.03,47
741.40684,36.03,103
757.44041,36.03,43
769.46558,36.03,24
771.46978,36.03,358
773.47398,36.03,54
785.49915,36.03,56
140.14811,36.19,276
206.28657,36.19,21
254.38727,36.19,26
278.43762,36.19,142
280.44182,36.19,174
296.47538,36.19,28
310.50475,36.19,24
338.56349,36.19,220
472.84461,36.19,313
645.20545,36.19,1295
647.20964,36.19,392
659.23482,36.19,347
661.23901,36.19,25
667.25160,36.19,151
669.25580,36.19,311
673.26419,36.19,1205
675.26838,36.19,218
677.27258,36.19,75
687.29356,36.19,61
691.30195,36.19,61
693.30614,36.19,194
695.31034,36.19,422
697.31454,36.19,85
705.33132,36.19,191
707.33551,36.19,96
709.33971,36.19,27
715.35230,36.19,83
721.36489,36.19,213
723.36908,36.19,85
771.46978,36.19,235
785.49915,36.19,61
116.09776,36.36,49
140.14811,36.36,597
206.28657,36.36,63
278.43762,36.36,88
280.44182,36.36,200
310.50475,36.36,102
338.56349,36.36,220
472.84461,36.36,240
474.84881,36.36,25
645.20545,36.36,1038
647.20964,36.36,325
659.23482,36.36,145
667.25160,36.36,69
669.25580,36.36,124
673.26419,36.36,1125
675.26838,36.36,234
677.27258,36.36,50
687.29356,36.36,27
693.30614,36.36,178
695.31034,36.36,941
697.31454,36.36,251
705.33132,36.36,155
707.33551,36.36,69
709.33971,36.36,31
717.35649,36.36,122
721.36489,36.36,362
723.36908,36.36,76
733.39006,36.36,91
735.39426,36.36,479
737.39845,36.36,22
743.41104,36.36,265
759.44461,36.36,26
769.46558,36.36,47
771.46978,36.36,135
785.49915,36.36,143
817.56628,36.36,53
116.09776,36.53,49
140.14811,36.53,174
206.28657,36.53,35
218.31175,36.53,23
254.38727,36.53,27
278.43762,36.53,53
280.44182,36.53,52
310.50475,36.53,31
328.54251,36.53,53
472.84461,36.53,142
480.86139,36.53,193
645.20545,36.53,476
647.20964,36.53,61
673.26419,36.53,973
675.26838,36.53,256
693.30614,36.53,91
695.31034,36.53,979
697.31454,36.53,226
707.33551,36.53,21
709.33971,36.53,22
717.35649,36.53,141
719.36069,36.53,26
721.36489,36.53,306
723.36908,36.53,50
733.39006,36.53,63
735.39426,36.53,828
737.39845,36.53,111
743.41104,36.53,628
745.41523,36.53,24
759.44461,36.53,59
785.49915,36.53,180
817.56628,36.53,159
116.09776,36.69,21
140.14811,36.69,163
218.31175,36.69,53
254.38727,36.69,101
280.44182,36.69,57
296.47538,36.69,22
328.54251,36.69,53
366.62223,36.69,26
472.84461,36.69,447
474.84881,36.69,47
480.86139,36.69,193
645.20545,36.69,227
673.26419,36.69,970
675.26838,36.69,330
695.31034,36.69,811
697.31454,36.69,175
701.32293,36.69,52
707.33551,36.69,21
711.34391,36.69,22
717.35649,36.69,100
721.36489,36.69,142
735.39426,36.69,1257
737.39845,36.69,141
741.40684,36.69,69
743.41104,36.69,1060
745.41523,36.69,72
759.44461,36.69,26
785.49915,36.69,104
817.56628,36.69,273
116.09776,36.86,21
140.14811,36.86,95
218.31175,36.86,31
254.38727,36.86,101
278.43762,36.86,25
280.44182,36.86,86
296.47538,36.86,22
366.62223,36.86,26
472.84461,36.86,584
474.84881,36.86,84
599.10894,36.86,53
673.26419,36.86,894
675.26838,36.86,285
695.31034,36.86,523
697.31454,36.86,101
701.32293,36.86,122
721.36489,36.86,200
735.39426,36.86,818
737.39845,36.86,81
741.40684,36.86,88
743.41104,36.86,903
745.41523,36.86,108
747.41943,36.86,44
817.56628,36.86,148
140.14811,37.03,31
218.31175,37.03,31
254.38727,37.03,68
278.43762,37.03,25
280.44182,37.03,46
472.84461,37.03,494
474.84881,37.03,58
599.10894,37.03,53
673.26419,37.03,905
675.26838,37.03,218
695.31034,37.03,479
697.31454,37.03,121
701.32293,37.03,139
703.32712,37.03,22
721.36489,37.03,180
735.39426,37.03,340
741.40684,37.03,27
743.41104,37.03,589
745.41523,37.03,228
747.41943,37.03,119
753.43202,37.03,65
140.14811,37.19,308
218.31175,37.19,31
278.43762,37.19,52
280.44182,37.19,58
310.50475,37.19,22
472.84461,37.19,349
474.84881,37.19,88
599.10894,37.19,53
673.26419,37.19,835
675.26838,37.19,201
695.31034,37.19,549
697.31454,37.19,151
701.32293,37.19,185
703.32712,37.19,25
721.36489,37.19,134
735.39426,37.19,113
743.41104,37.19,258
745.41523,37.19,269
747.41943,37.19,232
753.43202,37.19,277
755.43621,37.19,49
767.46139,37.19,836
140.14811,37.36,332
278.43762,37.36,52
324.53412,37.36,39
368.62643,37.36,40
472.84461,37.36,186
474.84881,37.36,84
645.20545,37.36,25
673.26419,37.36,458
675.26838,37.36,81
695.31034,37.36,591
697.31454,37.36,43
701.32293,37.36,185
721.36489,37.36,28
743.41104,37.36,47
745.41523,37.36,26
747.41943,37.36,189
753.43202,37.36,284
755.43621,37.36,70
767.46139,37.36,1012
140.14811,37.53,127
280.44182,37.53,23
324.53412,37.53,39
368.62643,37.53,40
472.84461,37.53,412
474.84881,37.53,97
599.10894,37.53,31
645.20545,37.53,57
673.26419,37.53,281
675.26838,37.53,39
695.31034,37.53,513
701.32293,37.53,148
743.41104,37.53,47
747.41943,37.53,126
749.42363,37.53,194
753.43202,37.53,245
755.43621,37.53,45
767.46139,37.53,484
116.09776,37.69,53
140.14811,37.69,110
264.40825,37.69,61
280.44182,37.69,31
310.50475,37.69,46
324.53412,37.69,39
368.62643,37.69,40
472.84461,37.69,593
474.84881,37.69,181
599.10894,37.69,31
645.20545,37.69,21
673.26419,37.69,126
675.26838,37.69,28
695.31034,37.69,315
701.32293,37.69,181
703.32712,37.69,54
747.41943,37.69,46
749.42363,37.69,1331
751.42782,37.69,253
753.43202,37.69,134
767.46139,37.69,106
777.48237,37.69,639
140.14811,37.86,120
264.40825,37.86,61
278.43762,37.86,31
296.47538,37.86,23
310.50475,37.86,46
324.53412,37.86,51
472.84461,37.86,267
474.84881,37.86,181
673.26419,37.86,87
695.31034,37.86,21
701.32293,37.86,164
703.32712,37.86,47
749.42363,37.86,1506
751.42782,37.86,273
777.48237,37.86,546
116.09776,38.03,21
140.14811,38.03,165
278.43762,38.03,32
294.47119,38.03,25
296.47538,38.03,36
310.50475,38.03,46
324.53412,38.03,51
472.84461,38.03,218
474.84881,38.03,181
673.26419,38.03,85
701.32293,38.03,179
703.32712,38.03,23
749.42363,38.03,1404
751.42782,38.03,249
777.48237,38.03,259
140.14811,38.19,239
278.43762,38.19,32
296.47538,38.19,36
302.48797,38.19,21
310.50475,38.19,26
324.53412,38.19,180
366.62223,38.19,110
673.26419,38.19,21
701.32293,38.19,54
749.42363,38.19,561
751.42782,38.19,113
777.48237,38.19,28
140.14811,38.36,115
258.39566,38.36,30
278.43762,38.36,27
302.48797,38.36,21
324.53412,38.36,180
366.62223,38.36,110
599.10894,38.36,23
673.26419,38.36,21
749.42363,38.36,164
751.42782,38.36,23
116.09776,38.53,61
140.14811,38.53,144
254.38727,38.53,30
258.39566,38.53,30
264.40825,38.53,24
278.43762,38.53,27
280.44182,38.53,126
324.53412,38.53,180
366.62223,38.53,110
599.10894,38.53,33
673.26419,38.53,21
751.42782,38.53,92
140.14811,38.69,167
254.38727,38.69,30
280.44182,38.69,126
324.53412,38.69,83
599.10894,38.69,25
751.42782,38.69,109
140.14811,38.86,217
222.32014,38.86,192
324.53412,38.86,38
338.56349,38.86,27
751.42782,38.86,28
116.09776,39.03,23
140.14811,39.03,27
222.32014,39.03,192
264.40825,39.03,22
296.47538,39.03,50
310.50475,39.03,91
324.53412,39.03,36
338.56349,39.03,27
817.56628,39.03,22
907.75509,39.03,150
909.75929,39.03,52
116.09776,39.20,23
140.14811,39.20,154
296.47538,39.20,71
302.48797,39.20,147
310.50475,39.20,379
324.53412,39.20,287
338.56349,39.20,27
815.56209,39.20,63
817.56628,39.20,137
907.75509,39.20,337
909.75929,39.20,90
140.14811,39.36,461
296.47538,39.36,71
302.48797,39.36,147
310.50475,39.36,379
324.53412,39.36,273
338.56349,39.36,27
368.62643,39.36,60
472.84461,39.36,378
474.84881,39.36,30
815.56209,39.36,677
817.56628,39.36,1198
841.61663,39.36,94
843.62083,39.36,22
907.75509,39.36,643
909.75929,39.36,289
140.14811,39.53,397
324.53412,39.53,31
368.62643,39.53,100
472.84461,39.53,486
474.84881,39.53,27
815.56209,39.53,1036
817.56628,39.53,1977
841.61663,39.53,198
843.62083,39.53,52
907.75509,39.53,730
909.75929,39.53,387
140.14811,39.70,339
264.40825,39.70,137
324.53412,39.70,31
338.56349,39.70,23
366.62223,39.70,21
368.62643,39.70,62
472.84461,39.70,275
474.84881,39.70,27
801.53272,39.70,21
815.56209,39.70,1309
817.56628,39.70,2319
819.57048,39.70,29
839.61244,39.70,511
841.61663,39.70,297
843.62083,39.70,156
905.75090,39.70,382
907.75509,39.70,771
909.75929,39.70,385
140.14811,39.86,424
264.40825,39.86,131
280.44182,39.86,23
296.47538,39.86,295
310.50475,39.86,310
312.50895,39.86,29
324.53412,39.86,144
366.62223,39.86,31
472.84461,39.86,65
815.56209,39.86,1076
817.56628,39.86,1706
839.61244,39.86,2304
841.61663,39.86,263
843.62083,39.86,144
905.75090,39.86,798
907.75509,39.86,496
909.75929,39.86,146
116.09776,40.03,26
140.14811,40.03,736
264.40825,40.03,59
280.44182,40.03,38
296.47538,40.03,295
310.50475,40.03,310
312.50895,40.03,29
324.53412,40.03,144
366.62223,40.03,31
472.84461,40.03,53
815.56209,40.03,753
817.56628,40.03,1103
839.61244,40.03,3597
841.61663,40.03,885
843.62083,40.03,58
905.75090,40.03,1220
907.75509,40.03,542
909.75929,40.03,27
116.09776,40.20,119
140.14811,40.20,840
280.44182,40.20,38
296.47538,40.20,295
310.50475,40.20,310
312.50895,40.20,29
324.53412,40.20,144
472.84461,40.20,157
777.48237,40.20,25
815.56209,40.20,256
817.56628,40.20,490
839.61244,40.20,4143
841.61663,40.20,1013
905.75090,40.20,2032
907.75509,40.20,955
116.09776,40.36,29
140.14811,40.36,195
248.37468,40.36,2310
472.84461,40.36,157
777.48237,40.36,25
839.61244,40.36,2815
841.61663,40.36,335
903.74670,40.36,22
905.75090,40.36,2486
907.75509,40.36,1166
909.75929,40.36,21
939.82222,40.36,139
61.98448,40.53,21
140.14811,40.53,78
218.31175,40.53,28
248.37468,40.53,2310
264.40825,40.53,63
280.44182,40.53,25
472.84461,40.53,168
480.86139,40.53,102
839.61244,40.53,1551
841.61663,40.53,136
903.74670,40.53,59
905.75090,40.53,2760
907.75509,40.53,1498
909.75929,40.53,53
939.82222,40.53,602
941.82642,40.53,255
140.14811,40.70,53
218.31175,40.70,28
264.40825,40.70,23
280.44182,40.70,25
324.53412,40.70,24
472.84461,40.70,137
480.86139,40.70,102
839.61244,40.70,45
905.75090,40.70,2500
907.75509,40.70,1387
909.75929,40.70,22
939.82222,40.70,806
941.82642,40.70,353
116.09776,40.86,24
140.14811,40.86,48
218.31175,40.86,28
280.44182,40.86,25
324.53412,40.86,24
472.84461,40.86,81
905.75090,40.86,1990
907.75509,40.86,931
939.82222,40.86,950
941.82642,40.86,415
116.09776,41.03,24
140.14811,41.03,44
264.40825,41.03,44
324.53412,41.03,79
338.56349,41.03,184
472.84461,41.03,44
673.26419,41.03,23
905.75090,41.03,1330
907.75509,41.03,549
939.82222,41.03,936
941.82642,41.03,512
140.14811,41.20,26
264.40825,41.20,44
296.47538,41.20,25
324.53412,41.20,55
338.56349,41.20,184
472.84461,41.20,43
905.75090,41.20,297
907.75509,41.20,53
939.82222,41.20,915
941.82642,41.20,455
140.14811,41.36,75
254.38727,41.36,574
264.40825,41.36,44
296.47538,41.36,44
324.53412,41.36,98
472.84461,41.36,97
903.74670,41.36,30
905.75090,41.36,62
939.82222,41.36,996
941.82642,41.36,467
1001.95229,41.36,33
140.14811,41.53,47
254.38727,41.53,574
296.47538,41.53,26
324.53412,41.53,98
472.84461,41.53,77
903.74670,41.53,88
939.82222,41.53,1073
941.82642,41.53,511
1001.95229,41.53,100
1003.95649,41.53,91
140.14811,41.70,28
472.84461,41.70,64
903.74670,41.70,87
939.82222,41.70,977
941.82642,41.70,427
1001.95229,41.70,269
1003.95649,41.70,189
140.14811,41.86,418
324.53412,41.86,592
472.84461,41.86,45
903.74670,41.86,139
939.82222,41.86,892
941.82642,41.86,456
1001.95229,41.86,365
1003.95649,41.86,340
140.14811,42.03,512
324.53412,42.03,592
903.74670,42.03,22
939.82222,42.03,516
941.82642,42.03,291
1001.95229,42.03,315
1003.95649,42.03,260
140.14811,42.20,314
278.43762,42.20,457
280.44182,42.20,36
296.47538,42.20,57
939.82222,42.20,321
941.82642,42.20,92
1001.95229,42.20,271
1003.95649,42.20,176
140.14811,42.36,163
278.43762,42.36,457
280.44182,42.36,544
296.47538,42.36,57
308.50056,42.36,29
324.53412,42.36,104
366.62223,42.36,23
386.66419,42.36,24
939.82222,42.36,181
1001.95229,42.36,164
1003.95649,42.36,95
140.14811,42.53,163
280.44182,42.53,544
308.50056,42.53,29
324.53412,42.53,104
366.62223,42.53,23
386.66419,42.53,24
116.09776,42.70,28
140.14811,42.70,115
254.38727,42.70,21
280.44182,42.70,122
296.47538,42.70,70
308.50056,42.70,29
324.53412,42.70,27
366.62223,42.70,76
116.09776,42.86,28
296.47538,42.86,70
310.50475,42.86,85
324.53412,42.86,49
366.62223,42.86,46
140.14811,43.03,79
302.48797,43.03,27
310.50475,43.03,206
324.53412,43.03,45
140.14811,43.20,163
206.28657,43.20,26
290.46279,43.20,58
296.47538,43.20,132
302.48797,43.20,54
304.49216,43.20,132
310.50475,43.20,1048
324.53412,43.20,388
326.53832,43.20,27
472.84461,43.20,40
1246.46418,43.20,29
1248.46837,43.20,96
140.14811,43.36,132
290.46279,43.36,58
296.47538,43.36,132
302.48797,43.36,27
304.49216,43.36,104
310.50475,43.36,887
324.53412,43.36,388
326.53832,43.36,27
472.84461,43.36,105
1246.46418,43.36,409
1248.46837,43.36,277
140.14811,43.53,132
290.46279,43.53,58
324.53412,43.53,47
472.84461,43.53,105
1244.45998,43.53,108
1246.46418,43.53,2247
1248.46837,43.53,1591
1250.47257,43.53,111
116.09776,43.70,22
140.14811,43.70,253
310.50475,43.70,1519
324.53412,43.70,65
338.56349,43.70,68
1244.45998,43.70,210
1246.46418,43.70,3620
1248.46837,43.70,2629
1250.47257,43.70,191
116.09776,43.87,22
140.14811,43.87,501
296.47538,43.87,138
310.50475,43.87,1972
312.50895,43.87,199
324.53412,43.87,291
338.56349,43.87,105
472.84461,43.87,31
1244.45998,43.87,303
1246.46418,43.87,5118
1248.46837,43.87,3748
1250.47257,43.87,262
140.14811,44.03,508
296.47538,44.03,138
310.50475,44.03,2005
312.50895,44.03,199
324.53412,44.03,291
338.56349,44.03,105
472.84461,44.03,79
1244.45998,44.03,443
1246.46418,44.03,6486
1248.46837,44.03,5361
1250.47257,44.03,387
116.09776,44.20,21
140.14811,44.20,166
310.50475,44.20,33
472.84461,44.20,23
1244.45998,44.20,395
1246.46418,44.20,5984
1248.46837,44.20,5068
1250.47257,44.20,342
116.09776,44.37,21
140.14811,44.37,85
264.40825,44.37,61
472.84461,44.37,49
1244.45998,44.37,292
1246.46418,44.37,5008
1248.46837,44.37,4012
1250.47257,44.37,251
140.14811,44.53,83
264.40825,44.53,21
472.84461,44.53,26
1244.45998,44.53,76
1246.46418,44.53,2236
1248.46837,44.53,1584
1250.47257,44.53,79
140.14811,44.70,83
1246.46418,44.70,1055
1248.46837,44.70,829
140.14811,44.87,83
248.37468,44.87,804
1246.46418,44.87,368
1248.46837,44.87,373
140.14811,45.03,114
248.37468,45.03,804
116.09776,45.20,24
140.14811,45.20,124
368.62643,45.20,23
140.14811,45.37,72
368.62643,45.37,23
140.14811,45.53,43
368.62643,45.53,23
140.14811,45.70,464
310.50475,45.70,47
472.84461,45.70,110
140.14811,45.87,651
310.50475,45.87,47
472.84461,45.87,110
140.14811,46.03,477
278.43762,46.03,42
310.50475,46.03,25
140.14811,46.20,31
278.43762,46.20,42
1228.42642,46.20,55
140.14811,46.37,31
278.43762,46.37,42
324.53412,46.37,39
1228.42642,46.37,209
1230.43061,46.37,138
140.14811,46.53,90
324.53412,46.53,39
1228.42642,46.53,517
1230.43061,46.53,356
116.09776,46.70,27
140.14811,46.70,155
222.32014,46.70,184
1228.42642,46.70,703
1230.43061,46.70,388
116.09776,46.87,27
140.14811,46.87,151
222.32014,46.87,184
1228.42642,46.87,852
1230.43061,46.87,435
140.14811,47.03,249
222.32014,47.03,184
302.48797,47.03,51
324.53412,47.03,23
472.84461,47.03,109
1228.42642,47.03,854
1230.43061,47.03,523
140.14811,47.20,329
302.48797,47.20,51
324.53412,47.20,23
472.84461,47.20,109
1228.42642,47.20,486
1230.43061,47.20,462
116.09776,47.37,80
140.14811,47.37,375
302.48797,47.37,51
324.53412,47.37,158
472.84461,47.37,109
1228.42642,47.37,280
1230.43061,47.37,326
116.09776,47.53,80
140.14811,47.53,457
324.53412,47.53,158
338.56349,47.53,22
1228.42642,47.53,49
1230.43061,47.53,26
116.09776,47.70,75
140.14811,47.70,1172
296.47538,47.70,83
324.53412,47.70,158
338.56349,47.70,77
368.62643,47.70,29
116.09776,47.87,79
140.14811,47.87,1784
264.40825,47.87,22
296.47538,47.87,666
324.53412,47.87,205
338.56349,47.87,137
368.62643,47.87,29
116.09776,48.03,54
140.14811,48.03,813
264.40825,48.03,22
296.47538,48.03,584
324.53412,48.03,205
338.56349,48.03,27
140.14811,48.20,229
248.37468,48.20,917
264.40825,48.20,22
140.14811,48.37,92
198.26979,48.37,21
248.37468,48.37,917
140.14811,48.54,173
198.26979,48.54,21
248.37468,48.54,917
116.09776,48.70,112
140.14811,48.70,318
218.31175,48.70,24
116.09776,48.87,54
140.14811,48.87,419
218.31175,48.87,24
264.40825,48.87,30
116.09776,49.04,43
140.14811,49.04,352
264.40825,49.04,30
116.09776,49.20,43
140.14811,49.20,196
366.62223,49.20,122
140.14811,49.37,162
296.47538,49.37,29
366.62223,49.37,122
368.62643,49.37,21
140.14811,49.54,754
296.47538,49.54,29
310.50475,49.54,50
366.62223,49.54,122
368.62643,49.54,21
472.84461,49.54,275
140.14811,49.70,1199
254.38727,49.70,4773
310.50475,49.70,111
472.84461,49.70,275
116.09776,49.87,24
140.14811,49.87,710
254.38727,49.87,4773
278.43762,49.87,22
310.50475,49.87,111
472.84461,49.87,182
116.09776,50.04,24
140.14811,50.04,31
278.43762,50.04,139
280.44182,50.04,53
140.14811,50.20,26
278.43762,50.20,139
280.44182,50.20,53
282.44601,50.20,27
673.26419,50.20,24
140.14811,50.37,49
278.43762,50.37,117
280.44182,50.37,53
282.44601,50.37,27
324.53412,50.37,42
673.26419,50.37,24
116.09776,50.54,21
140.14811,50.54,87
264.40825,50.54,22
324.53412,50.54,42
366.62223,50.54,29
116.09776,50.70,21
140.14811,50.70,108
264.40825,50.70,22
366.62223,50.70,29
116.09776,50.87,35
140.14811,50.87,111
264.40825,50.87,22
368.62643,50.87,31
116.09776,51.04,27
140.14811,51.04,144
302.48797,51.04,36
310.50475,51.04,205
324.53412,51.04,33
116.09776,51.20,50
140.14811,51.20,269
280.44182,51.20,49
302.48797,51.20,36
310.50475,51.20,205
324.53412,51.20,33
116.09776,51.37,29
140.14811,51.37,224
280.44182,51.37,49
296.47538,51.37,556
326.53832,51.37,25
116.09776,51.54,29
140.14811,51.54,428
280.44182,51.54,49
296.47538,51.54,593
326.53832,51.54,44
140.14811,51.70,516
280.44182,51.70,42
296.47538,51.70,593
310.50475,51.70,50
326.53832,51.70,33
140.14811,51.87,47
296.47538,51.87,541
310.50475,51.87,50
140.14811,52.04,204
140.14811,52.20,171
140.14811,52.37,107
116.09776,52.54,50
140.14811,52.54,68
296.47538,52.54,45
310.50475,52.54,24
472.84461,52.54,23
140.14811,52.70,68
296.47538,52.70,45
310.50475,52.70,24
472.84461,52.70,23
140.14811,52.87,40
296.47538,52.87,45
140.14811,53.04,90
140.14811,53.21,167
310.50475,53.21,1712
324.53412,53.21,77
140.14811,53.37,144
206.28657,53.37,56
310.50475,53.37,1773
312.50895,53.37,22
324.53412,53.37,77
472.84461,53.37,59
140.14811,53.54,288
310.50475,53.54,95
312.50895,53.54,22
324.53412,53.54,67
472.84461,53.54,328
140.14811,53.71,314
296.47538,53.71,80
310.50475,53.71,95
324.53412,53.71,67
472.84461,53.71,328
140.14811,53.87,158
296.47538,53.87,32
140.14811,54.04,125
296.47538,54.04,31
140.14811,54.21,185
296.47538,54.21,52
116.09776,54.37,24
140.14811,54.37,539
296.47538,54.37,31
116.09776,54.54,34
140.14811,54.54,606
222.32014,54.54,31
296.47538,54.54,31
140.14811,54.71,185
222.32014,54.71,31
140.14811,54.87,189
222.32014,54.87,31
116.09776,55.04,25
140.14811,55.04,496
296.47538,55.04,59
302.48797,55.04,47
310.50475,55.04,30
324.53412,55.04,75
366.62223,55.04,36
645.20545,55.04,36
116.09776,55.21,25
140.14811,55.21,537
296.47538,55.21,59
302.48797,55.21,47
310.50475,55.21,30
324.53412,55.21,75
366.62223,55.21,65
645.20545,55.21,36
140.14811,55.37,1170
296.47538,55.37,395
324.53412,55.37,45
338.56349,55.37,21
366.62223,55.37,85
645.20545,55.37,36
673.26419,55.37,538
116.09776,55.54,21
140.14811,55.54,1559
296.47538,55.54,395
338.56349,55.54,21
366.62223,55.54,49
673.26419,55.54,538
140.14811,55.71,303
116.09776,55.87,55
140.14811,55.87,522
140.14811,56.04,530
116.09776,56.21,30
140.14811,56.21,493
296.47538,56.21,40
116.09776,56.37,61
140.14811,56.37,644
218.31175,56.37,26
296.47538,56.37,40
366.62223,56.37,24
116.09776,56.54,51
140.14811,56.54,589
218.31175,56.54,26
116.09776,56.71,25
140.14811,56.71,449
218.31175,56.71,26
254.38727,56.71,95
280.44182,56.71,94
116.09776,56.87,22
140.14811,56.87,315
254.38727,56.87,95
280.44182,56.87,94
140.14811,57.04,404
254.38727,57.04,95
280.44182,57.04,38
116.09776,57.21,69
140.14811,57.21,1292
218.31175,57.21,149
310.50475,57.21,3290
324.53412,57.21,114
116.09776,57.38,51
140.14811,57.38,1171
218.31175,57.38,149
310.50475,57.38,3339
324.53412,57.38,114
472.84461,57.38,268
474.84881,57.38,35
116.09776,57.54,24
140.14811,57.54,657
310.50475,57.54,49
324.53412,57.54,47
472.84461,57.54,268
474.84881,57.54,35
140.14811,57.71,84
324.53412,57.71,30
116.09776,57.88,55
140.14811,57.88,104
324.53412,57.88,24
328.54251,57.88,22
116.09776,58.04,55
140.14811,58.04,84
296.47538,58.04,23
324.53412,58.04,35
328.54251,58.04,22
368.62643,58.04,59
116.09776,58.21,26
140.14811,58.21,99
296.47538,58.21,23
324.53412,58.21,32
368.62643,58.21,59
116.09776,58.38,22
140.14811,58.38,452
296.47538,58.38,23
140.14811,58.54,401
310.50475,58.54,27
140.14811,58.71,273
310.50475,58.71,27
116.09776,58.88,32
140.14811,58.88,313
310.50475,58.88,27
324.53412,58.88,82
472.84461,58.88,79

